{"stats":{"minecraft:killed_by":{"undead_revamp2:the_moonflower":1,"minecraft:spider":1},"minecraft:dropped":{"ars_nouveau:worn_notebook":1,"alexsmobs:animal_dictionary":1,"patchouli:guide_book":1},"minecraft:custom":{"minecraft:time_since_rest":2405,"minecraft:interact_with_furnace":7,"minecraft:sprint_one_cm":5630,"minecraft:damage_taken":490,"minecraft:walk_one_cm":15025,"minecraft:drop":3,"minecraft:interact_with_crafting_table":8,"minecraft:fly_one_cm":25946,"minecraft:crouch_one_cm":4971,"minecraft:play_time":16971,"minecraft:deaths":2,"minecraft:sneak_time":2133,"minecraft:jump":95,"minecraft:leave_game":9,"minecraft:time_since_death":0,"minecraft:total_world_time":16971,"minecraft:fall_one_cm":6432},"minecraft:used":{"minecraft:stone_pickaxe":50,"minecraft:iron_pickaxe":1,"minecraft:wooden_pickaxe":15,"minecraft:dirt":6,"minecraft:cobblestone":2,"minecraft:crafting_table":2,"minecraft:furnace":1},"minecraft:mined":{"minecraft:furnace":1,"minecraft:iron_ore":13,"minecraft:cherry_log":7,"minecraft:crafting_table":1,"minecraft:grass":2,"minecraft:grass_block":1,"minecraft:coal_ore":22,"minecraft:cherry_leaves":1,"minecraft:dirt":5,"minecraft:stone":29},"minecraft:crafted":{"minecraft:cherry_planks":7,"minecraft:crafting_table":2,"minecraft:stick":20,"minecraft:wooden_pickaxe":1,"minecraft:iron_ingot":12,"minecraft:iron_pickaxe":1,"minecraft:stone_pickaxe":1,"minecraft:furnace":1,"moonsweaponry:iron_scythe":1,"minecraft:air":28},"minecraft:picked_up":{"minecraft:stick":6,"minecraft:raw_iron":12,"minecraft:cherry_log":7,"minecraft:dirt":6,"minecraft:iron_ingot":3,"minecraft:coal":26,"minecraft:cobblestone":29,"minecraft:furnace":1}},"DataVersion":3465}