{"stats":{"minecraft:dropped":{"minecraft:enchanted_book":5,"minecraft:iron_sword":2,"minecraft:wheat_seeds":7,"minecraft:glass_bottle":1,"minecraft:cooked_porkchop":4,"minecraft:cobblestone":20,"minecraft:dirt":1,"inka:golden_mallet_inka":2,"minecraft:torch":6,"tombstone:receptacle_of_familiar":1,"tombstone:grave_key":1,"minecraft:brown_wool":1,"tombstone:grave_dust":2,"minecraft:mossy_cobblestone_stairs":1,"minecraft:pink_petals":1,"minecraft:gold_ingot":1,"minecraft:blackstone":2,"alexsmobs:gazelle_horn":3,"minecraft:coarse_dirt":2,"ars_nouveau:archwood_planks":3,"minecraft:rotten_flesh":8,"alexsmobs:emu_egg":3,"minecraft:gunpowder":1,"minecraft:spider_eye":1,"minecraft:arrow":7,"iceandfire:dragonbone_shovel":2},"minecraft:killed_by":{"undead_revamp2:theimmortal":1,"undead_revamp2:sucker":1,"minecraft:player":1,"minecraft:spider":2,"minecraft:enderman":1,"undead_revamp2:thesomnolence":1,"alexsmobs:murmur_head":1,"undead_revamp2:clogger":2,"irons_spellbooks:necromancer":2,"undead_revamp2:bomber":1,"minecraft:skeleton":1,"minecraft:zombie":1,"iceandfire:ghost":1,"undead_revamp2:thebeartamer":2,"iceandfire:fire_dragon":1},"minecraft:custom":{"minecraft:mob_kills":189,"minecraft:interact_with_crafting_table":53,"minecraft:open_barrel":7,"minecraft:damage_dealt_resisted":42,"minecraft:leave_game":5,"minecraft:time_since_death":6428,"minecraft:climb_one_cm":263,"minecraft:sprint_one_cm":604008,"minecraft:walk_one_cm":531721,"minecraft:damage_blocked_by_shield":3350,"minecraft:drop":40,"minecraft:play_time":244773,"minecraft:deaths":23,"minecraft:sneak_time":14678,"minecraft:walk_under_water_one_cm":13754,"tombstone:tomb_raiding":1,"minecraft:jump":6879,"minecraft:walk_on_water_one_cm":20394,"minecraft:total_world_time":244773,"minecraft:interact_with_furnace":71,"minecraft:sleep_in_bed":1,"minecraft:time_since_rest":6452,"minecraft:damage_taken":10003,"minecraft:damage_absorbed":63,"minecraft:trigger_trapped_chest":4,"minecraft:damage_dealt":35699,"minecraft:swim_one_cm":20571,"minecraft:fly_one_cm":1407448,"minecraft:open_chest":41,"minecraft:crouch_one_cm":36306,"tombstone:undead_killed":93,"minecraft:interact_with_smoker":1,"minecraft:fall_one_cm":172144},"minecraft:killed":{"alexsmobs:hummingbird":1,"inka:incawarrior_1":1,"irons_spellbooks:summoned_zombie":1,"undead_revamp2:thehunter":4,"alexsmobs:tiger":1,"minecraft:spider":13,"alexsmobs:murmur":1,"undead_revamp2:thesmoker":1,"undead_revamp2:bomber":1,"minecraft:skeleton":20,"iceandfire:siren":1,"minecraft:llama":2,"realmrpg_demons:chort":7,"undead_revamp2:thebidy":1,"irons_spellbooks:summoned_skeleton":2,"undead_revamp2:sucker":7,"alexsmobs:kangaroo":5,"undead_revamp2:thespitter":3,"minecraft:pig":5,"minecraft:zombie_villager":1,"undead_revamp2:the_moonflower":5,"jinghui:hongshu":1,"minecraft:bat":1,"mowziesmobs:umvuthana_follower_raptor":5,"undead_revamp2:thebeartamer":1,"irons_spellbooks:necromancer":1,"minecraft:creeper":3,"minecraft:sheep":5,"undead_revamp2:thesomnolence":10,"minecraft:zombie":39,"iceandfire:ghost":4,"alexsmobs:gazelle":7,"undead_revamp2:theskeeper":1,"mowziesmobs:umvuthana_raptor":1,"minecraft:cow":2},"minecraft:used":{"iceandfire:silver_sword":394,"minecraft:shield":102,"minecraft:iron_sword":118,"minecraft:iron_chestplate":1,"minecraft:torch":158,"minecraft:dirt":27,"alexsmobs:cooked_kangaroo_meat":4,"minecraft:tuff":1,"minecraft:iron_hoe":53,"iceandfire:dragonbone_shovel":55,"minecraft:iron_axe":1,"undead_revamp2:huntereye":2,"minecraft:stone_bricks":2,"minecraft:bow":12,"minecraft:furnace":13,"tombstone:gift":4,"morevanillashields:diamond_shield":13,"minecraft:cooked_beef":4,"minecraft:cobbled_deepslate":24,"minecraft:iron_leggings":1,"minecraft:wheat_seeds":2,"minecraft:cooked_mutton":4,"minecraft:stone_pickaxe":87,"minecraft:wooden_pickaxe":6,"minecraft:golden_apple":1,"minecraft:terracotta":21,"inka:golden_mallet_inka":26,"minecraft:crafting_table":13,"ars_nouveau:archwood_planks":4,"minecraft:white_bed":1,"biomeswevegone:peat":1,"minecraft:diamond_pickaxe":101,"minecraft:iron_pickaxe":441,"minecraft:bread":5,"tombstone:magic_scroll":2,"minecraft:stone_axe":49,"minecraft:cobblestone":118,"minecraft:potion":1,"mowziesmobs:umvuthana_mask_fury":1,"minecraft:cooked_porkchop":8,"minecraft:andesite":50,"minecraft:coarse_dirt":4,"inka:tocosh":3,"minecraft:bone_meal":5,"minecraft:experience_bottle":1},"minecraft:mined":{"minecraft:tuff":1,"minecraft:white_bed":1,"minecraft:deepslate_diamond_ore":26,"minecraft:sculk_vein":5,"minecraft:cobblestone_stairs":1,"minecraft:acacia_log":6,"minecraft:grass_block":9,"iceandfire:deepslate_silver_ore":4,"minecraft:spawner":3,"biomeswevegone:yellow_birch_leaves":2,"minecraft:furnace":16,"minecraft:mossy_cobblestone_stairs":1,"minecraft:raw_gold_block":8,"minecraft:iron_ore":57,"minecraft:fire":3,"minecraft:cobbled_deepslate":1,"minecraft:andesite":65,"minecraft:deepslate_lapis_ore":7,"minecraft:peony":1,"minecraft:gold_block":7,"minecraft:deepslate_iron_ore":10,"minecraft:stone":116,"ars_nouveau:purple_archwood_log":38,"minecraft:deepslate_redstone_ore":10,"minecraft:acacia_leaves":2,"minecraft:blackstone":5,"minecraft:smoker":1,"minecraft:crafting_table":11,"minecraft:torch":1,"biomeswevegone:peat":1,"biomeswevegone:tall_prairie_grass":2,"minecraft:copper_ore":1,"minecraft:tall_grass":7,"minecraft:cobblestone":28,"minecraft:deepslate_coal_ore":1,"minecraft:sculk":44,"minecraft:wall_torch":5,"minecraft:pink_petals":1,"minecraft:coarse_dirt":6,"minecraft:wheat":2,"minecraft:magenta_bed":1,"minecraft:grass":48,"minecraft:coal_ore":195,"inka:mudbrickbig":2,"minecraft:dirt":35,"minecraft:infested_cracked_stone_bricks":1,"minecraft:smooth_basalt":1,"minecraft:terracotta":30,"minecraft:stone_bricks":3,"minecraft:polished_andesite":2,"minecraft:deepslate":27,"minecraft:fern":1},"minecraft:crafted":{"ars_nouveau:archwood_planks":77,"jinghui:xj":2,"minecraft:furnace":2,"minecraft:bone_meal":2,"minecraft:cooked_mutton":4,"minecraft:iron_boots":1,"minecraft:leather":3,"minecraft:iron_axe":1,"minecraft:iron_hoe":1,"minecraft:stone_pickaxe":1,"minecraft:chest":1,"sophisticatedbackpacks:iron_backpack":1,"minecraft:cooked_beef":4,"sophisticatedbackpacks:backpack":1,"minecraft:cooked_porkchop":8,"minecraft:crafting_table":4,"minecraft:wooden_pickaxe":1,"minecraft:iron_helmet":1,"alexsmobs:cooked_kangaroo_meat":4,"minecraft:iron_sword":1,"sophisticatedbackpacks:gold_backpack":1,"minecraft:stone_axe":1,"minecraft:bread":5,"minecraft:air":320,"minecraft:iron_chestplate":1,"minecraft:charcoal":6,"minecraft:shield":1,"minecraft:stick":36,"minecraft:iron_ingot":55,"minecraft:iron_pickaxe":2,"minecraft:iron_leggings":1,"minecraft:gold_ingot":7,"minecraft:white_bed":1,"minecraft:acacia_planks":6,"minecraft:torch":58,"morevanillashields:diamond_shield":1},"minecraft:broken":{"minecraft:iron_boots":1,"minecraft:iron_chestplate":1,"minecraft:iron_leggings":1,"minecraft:shield":1,"minecraft:iron_pickaxe":1,"minecraft:iron_helmet":2},"minecraft:picked_up":{"undead_revamp2:bostroxingot":1,"minecraft:crafting_table":11,"minecraft:coarse_dirt":6,"minecraft:wheat":11,"minecraft:prismarine_shard":2,"minecraft:potion":1,"minecraft:gold_block":7,"minecraft:enchanted_book":5,"alexsmobs:gazelle_horn":4,"minecraft:string":17,"minecraft:raw_copper":4,"minecraft:blackstone":2,"irons_spellbooks:arcane_essence":3,"minecraft:cobbled_deepslate":33,"minecraft:beef":4,"alexsmobs:elastic_tendon":1,"minecraft:furnace":15,"minecraft:stick":3,"minecraft:raw_iron":67,"ars_nouveau:purple_archwood_log":37,"minecraft:raw_gold_block":8,"minecraft:copper_ingot":2,"minecraft:torch":7,"minecraft:acacia_log":6,"ars_nouveau:purple_archwood_sapling":2,"minecraft:porkchop":11,"tombstone:grave_dust":10,"minecraft:redstone":45,"minecraft:prismarine_crystals":5,"iceandfire:dragonbone_shovel":1,"minecraft:arrow":34,"minecraft:rotten_flesh":46,"inka:zamponia":1,"alexsmobs:emu_egg":3,"tombstone:essence_of_undeath":1,"undead_revamp2:the_somnolenceextract":1,"minecraft:mutton":11,"alexsmobs:kangaroo_meat":4,"undead_revamp2:arapholia":1,"minecraft:white_wool":4,"minecraft:cobblestone":161,"mowziesmobs:umvuthana_mask_fury":1,"minecraft:feather":5,"inka:golden_mallet_inka":1,"minecraft:andesite":65,"minecraft:brown_wool":1,"minecraft:leather":5,"minecraft:smoker":1,"biomeswevegone:peat":1,"minecraft:tuff":1,"undead_revamp2:huntereye":2,"minecraft:gunpowder":2,"minecraft:lapis_lazuli":48,"minecraft:dirt":44,"tombstone:gift":1,"minecraft:bone":25,"minecraft:stone_bricks":2,"minecraft:bow":1,"minecraft:wheat_seeds":10,"tombstone:receptacle_of_familiar":1,"minecraft:iron_sword":1,"minecraft:acacia_sapling":1,"minecraft:cooked_porkchop":4,"minecraft:red_wool":1,"iceandfire:shiny_scales":4,"minecraft:white_bed":1,"minecraft:spider_eye":5,"undead_revamp2:acidsack":1,"minecraft:polished_andesite":1,"alexsmobs:kangaroo_hide":6,"minecraft:slime_ball":1,"minecraft:diamond":26,"minecraft:mossy_cobblestone_stairs":1,"mowziesmobs:umvuthana_mask_fear":1,"minecraft:terracotta":30,"tombstone:magic_scroll":4,"minecraft:oak_sapling":1,"minecraft:coal":204,"iceandfire:raw_silver":4}},"DataVersion":3465}