{"stats":{"minecraft:killed":{"alexsmobs:hummingbird":1,"minecraft:pig":3,"undead_revamp2:thehunter":1,"minecraft:zombie_villager":1,"alexsmobs:tiger":1,"undead_revamp2:the_moonflower":2,"minecraft:spider":3,"minecraft:sheep":1,"minecraft:skeleton":5,"undead_revamp2:thesomnolence":1,"minecraft:zombie":4,"alexsmobs:gazelle":6,"minecraft:llama":2,"realmrpg_demons:chort":4,"undead_revamp2:sucker":6,"alexsmobs:kangaroo":5,"undead_revamp2:thespitter":1,"minecraft:cow":2},"minecraft:custom":{"minecraft:interact_with_furnace":68,"minecraft:mob_kills":53,"minecraft:interact_with_crafting_table":33,"minecraft:leave_game":2,"minecraft:time_since_death":4724,"minecraft:time_since_rest":4749,"minecraft:sprint_one_cm":273869,"minecraft:damage_taken":3758,"minecraft:walk_one_cm":296781,"minecraft:damage_blocked_by_shield":1725,"minecraft:drop":17,"minecraft:damage_dealt":9006,"minecraft:fly_one_cm":624996,"minecraft:open_chest":12,"minecraft:play_time":119827,"minecraft:crouch_one_cm":25814,"tombstone:undead_killed":20,"minecraft:deaths":7,"minecraft:sneak_time":10822,"minecraft:walk_under_water_one_cm":454,"tombstone:tomb_raiding":1,"minecraft:jump":2898,"minecraft:walk_on_water_one_cm":166,"minecraft:total_world_time":119827,"minecraft:fall_one_cm":71649},"minecraft:killed_by":{"undead_revamp2:theimmortal":1,"minecraft:player":1,"undead_revamp2:sucker":1,"minecraft:spider":1,"minecraft:zombie":1,"undead_revamp2:thebeartamer":1,"iceandfire:fire_dragon":1},"minecraft:broken":{"minecraft:iron_pickaxe":1,"minecraft:iron_helmet":1},"minecraft:mined":{"minecraft:tuff":1,"minecraft:acacia_leaves":2,"minecraft:crafting_table":5,"minecraft:torch":1,"minecraft:acacia_log":6,"minecraft:grass_block":9,"minecraft:tall_grass":5,"minecraft:cobblestone":22,"minecraft:deepslate_coal_ore":1,"minecraft:wall_torch":2,"minecraft:pink_petals":1,"minecraft:coarse_dirt":6,"minecraft:furnace":14,"minecraft:iron_ore":41,"minecraft:raw_gold_block":8,"minecraft:wheat":2,"minecraft:andesite":65,"minecraft:peony":1,"minecraft:gold_block":7,"minecraft:grass":47,"minecraft:coal_ore":195,"minecraft:deepslate_iron_ore":9,"inka:mudbrickbig":2,"minecraft:dirt":35,"minecraft:terracotta":30,"minecraft:stone":53,"ars_nouveau:purple_archwood_log":38},"minecraft:crafted":{"minecraft:cooked_beef":4,"minecraft:cooked_porkchop":8,"ars_nouveau:archwood_planks":25,"minecraft:crafting_table":3,"jinghui:xj":2,"minecraft:wooden_pickaxe":1,"minecraft:iron_helmet":1,"alexsmobs:cooked_kangaroo_meat":4,"minecraft:iron_sword":1,"minecraft:furnace":2,"minecraft:bone_meal":2,"minecraft:stone_axe":1,"minecraft:cooked_mutton":4,"minecraft:bread":1,"minecraft:air":56,"minecraft:iron_chestplate":1,"minecraft:iron_boots":1,"minecraft:leather":3,"minecraft:charcoal":6,"minecraft:shield":1,"minecraft:iron_axe":1,"minecraft:iron_hoe":1,"minecraft:stick":28,"minecraft:iron_ingot":42,"minecraft:iron_pickaxe":2,"minecraft:stone_pickaxe":1,"minecraft:iron_leggings":1,"minecraft:acacia_planks":6,"minecraft:torch":20},"minecraft:used":{"minecraft:cooked_mutton":1,"minecraft:wheat_seeds":2,"minecraft:stone_pickaxe":87,"minecraft:wooden_pickaxe":6,"minecraft:shield":63,"minecraft:iron_sword":118,"minecraft:iron_chestplate":1,"minecraft:torch":29,"minecraft:dirt":27,"minecraft:terracotta":21,"inka:golden_mallet_inka":26,"minecraft:crafting_table":8,"alexsmobs:cooked_kangaroo_meat":4,"ars_nouveau:archwood_planks":4,"minecraft:tuff":1,"minecraft:iron_hoe":3,"iceandfire:dragonbone_shovel":33,"minecraft:iron_axe":1,"minecraft:bread":1,"minecraft:iron_pickaxe":360,"undead_revamp2:huntereye":2,"minecraft:stone_axe":49,"minecraft:cobblestone":23,"minecraft:furnace":13,"tombstone:gift":3,"minecraft:andesite":50,"minecraft:cooked_beef":4,"minecraft:coarse_dirt":4,"minecraft:bone_meal":5,"minecraft:iron_leggings":1},"minecraft:picked_up":{"minecraft:coarse_dirt":6,"minecraft:crafting_table":5,"minecraft:wheat":4,"inka:golden_mallet_inka":1,"minecraft:andesite":65,"minecraft:leather":5,"minecraft:brown_wool":1,"minecraft:potion":1,"minecraft:gold_block":7,"minecraft:enchanted_book":2,"minecraft:tuff":1,"undead_revamp2:huntereye":2,"alexsmobs:gazelle_horn":3,"minecraft:dirt":44,"minecraft:bone":6,"minecraft:bow":1,"minecraft:wheat_seeds":8,"minecraft:beef":4,"minecraft:iron_sword":1,"minecraft:acacia_sapling":1,"minecraft:furnace":13,"minecraft:raw_iron":50,"minecraft:stick":3,"ars_nouveau:purple_archwood_log":37,"minecraft:raw_gold_block":8,"minecraft:torch":3,"minecraft:acacia_log":6,"ars_nouveau:purple_archwood_sapling":2,"minecraft:porkchop":8,"minecraft:spider_eye":1,"alexsmobs:kangaroo_hide":6,"minecraft:arrow":3,"minecraft:rotten_flesh":16,"inka:zamponia":1,"alexsmobs:emu_egg":3,"minecraft:terracotta":30,"minecraft:oak_sapling":1,"minecraft:mutton":4,"minecraft:coal":200,"alexsmobs:kangaroo_meat":4,"minecraft:cobblestone":72},"minecraft:dropped":{"minecraft:iron_sword":2,"minecraft:coarse_dirt":2,"ars_nouveau:archwood_planks":3,"minecraft:rotten_flesh":1,"alexsmobs:emu_egg":3,"minecraft:dirt":1,"inka:golden_mallet_inka":2,"minecraft:torch":6,"tombstone:grave_key":1,"minecraft:brown_wool":1,"tombstone:grave_dust":1,"minecraft:spider_eye":1,"minecraft:pink_petals":1}},"DataVersion":3465}