{"stats":{"minecraft:custom":{"minecraft:mob_kills":95,"minecraft:interact_with_crafting_table":33,"minecraft:leave_game":3,"minecraft:time_since_death":19192,"minecraft:climb_one_cm":0,"minecraft:sprint_one_cm":351449,"minecraft:walk_one_cm":354619,"minecraft:damage_blocked_by_shield":2005,"minecraft:drop":32,"minecraft:play_time":144289,"minecraft:deaths":8,"minecraft:sneak_time":12045,"minecraft:walk_under_water_one_cm":1327,"tombstone:tomb_raiding":1,"minecraft:jump":3478,"minecraft:walk_on_water_one_cm":9004,"minecraft:total_world_time":144289,"minecraft:interact_with_furnace":68,"minecraft:time_since_rest":19216,"minecraft:damage_taken":4716,"minecraft:damage_absorbed":39,"minecraft:trigger_trapped_chest":4,"minecraft:damage_dealt":16361,"minecraft:fly_one_cm":757201,"minecraft:open_chest":23,"minecraft:crouch_one_cm":29979,"tombstone:undead_killed":50,"minecraft:fall_one_cm":89610},"minecraft:killed":{"alexsmobs:hummingbird":1,"inka:incawarrior_1":1,"undead_revamp2:thehunter":1,"alexsmobs:tiger":1,"minecraft:spider":3,"minecraft:skeleton":9,"minecraft:llama":2,"realmrpg_demons:chort":4,"undead_revamp2:thebidy":1,"undead_revamp2:sucker":6,"undead_revamp2:thespitter":1,"alexsmobs:kangaroo":5,"minecraft:pig":3,"minecraft:zombie_villager":1,"undead_revamp2:the_moonflower":2,"minecraft:bat":1,"mowziesmobs:umvuthana_follower_raptor":5,"minecraft:creeper":3,"minecraft:sheep":1,"undead_revamp2:thesomnolence":1,"iceandfire:ghost":4,"minecraft:zombie":25,"alexsmobs:gazelle":6,"mowziesmobs:umvuthana_raptor":1,"minecraft:cow":2},"minecraft:killed_by":{"undead_revamp2:theimmortal":1,"undead_revamp2:sucker":1,"minecraft:player":1,"minecraft:spider":1,"minecraft:zombie":1,"iceandfire:ghost":1,"undead_revamp2:thebeartamer":1,"iceandfire:fire_dragon":1},"minecraft:broken":{"minecraft:iron_boots":1,"minecraft:iron_pickaxe":1,"minecraft:iron_helmet":1},"minecraft:mined":{"minecraft:tuff":1,"minecraft:deepslate_diamond_ore":7,"minecraft:cobblestone_stairs":1,"minecraft:acacia_log":6,"minecraft:grass_block":9,"iceandfire:deepslate_silver_ore":2,"minecraft:spawner":3,"minecraft:mossy_cobblestone_stairs":1,"minecraft:furnace":14,"minecraft:raw_gold_block":8,"minecraft:fire":2,"minecraft:iron_ore":41,"minecraft:andesite":65,"minecraft:deepslate_lapis_ore":5,"minecraft:peony":1,"minecraft:gold_block":7,"minecraft:deepslate_iron_ore":9,"minecraft:stone":53,"ars_nouveau:purple_archwood_log":38,"minecraft:acacia_leaves":2,"minecraft:blackstone":5,"minecraft:crafting_table":5,"minecraft:torch":1,"minecraft:tall_grass":7,"minecraft:cobblestone":22,"minecraft:deepslate_coal_ore":1,"minecraft:wall_torch":2,"minecraft:pink_petals":1,"minecraft:coarse_dirt":6,"minecraft:wheat":2,"minecraft:grass":47,"minecraft:coal_ore":195,"inka:mudbrickbig":2,"minecraft:dirt":35,"minecraft:smooth_basalt":1,"minecraft:terracotta":30,"minecraft:polished_andesite":2},"minecraft:crafted":{"ars_nouveau:archwood_planks":29,"jinghui:xj":2,"minecraft:furnace":2,"minecraft:bone_meal":2,"minecraft:cooked_mutton":4,"minecraft:iron_boots":1,"minecraft:leather":3,"minecraft:iron_axe":1,"minecraft:iron_hoe":1,"minecraft:stone_pickaxe":1,"minecraft:cooked_beef":4,"minecraft:cooked_porkchop":8,"minecraft:crafting_table":3,"minecraft:wooden_pickaxe":1,"minecraft:iron_helmet":1,"alexsmobs:cooked_kangaroo_meat":4,"minecraft:iron_sword":1,"minecraft:stone_axe":1,"minecraft:bread":1,"minecraft:air":319,"minecraft:iron_chestplate":1,"minecraft:charcoal":6,"minecraft:shield":1,"minecraft:stick":36,"minecraft:iron_ingot":42,"minecraft:iron_pickaxe":2,"minecraft:gold_ingot":7,"minecraft:iron_leggings":1,"minecraft:acacia_planks":6,"minecraft:torch":58},"minecraft:used":{"iceandfire:silver_sword":85,"minecraft:shield":74,"minecraft:iron_sword":118,"minecraft:iron_chestplate":1,"minecraft:torch":62,"minecraft:dirt":27,"alexsmobs:cooked_kangaroo_meat":4,"minecraft:tuff":1,"minecraft:iron_hoe":3,"iceandfire:dragonbone_shovel":55,"minecraft:iron_axe":1,"undead_revamp2:huntereye":2,"minecraft:bow":2,"minecraft:furnace":13,"tombstone:gift":4,"minecraft:cooked_beef":4,"minecraft:iron_leggings":1,"minecraft:wheat_seeds":2,"minecraft:cooked_mutton":1,"minecraft:stone_pickaxe":87,"minecraft:wooden_pickaxe":6,"minecraft:golden_apple":1,"minecraft:terracotta":21,"minecraft:crafting_table":8,"inka:golden_mallet_inka":26,"ars_nouveau:archwood_planks":4,"minecraft:bread":1,"minecraft:iron_pickaxe":387,"tombstone:magic_scroll":1,"minecraft:stone_axe":49,"minecraft:potion":1,"minecraft:cobblestone":30,"minecraft:cooked_porkchop":5,"mowziesmobs:umvuthana_mask_fury":1,"minecraft:andesite":50,"minecraft:coarse_dirt":4,"minecraft:bone_meal":5,"minecraft:experience_bottle":1},"minecraft:picked_up":{"minecraft:crafting_table":5,"minecraft:coarse_dirt":6,"minecraft:wheat":4,"minecraft:enchanted_book":3,"minecraft:gold_block":7,"minecraft:potion":1,"alexsmobs:gazelle_horn":3,"minecraft:blackstone":2,"minecraft:beef":4,"minecraft:furnace":13,"minecraft:stick":3,"minecraft:raw_iron":50,"ars_nouveau:purple_archwood_log":37,"minecraft:raw_gold_block":8,"minecraft:acacia_log":6,"minecraft:torch":4,"ars_nouveau:purple_archwood_sapling":2,"minecraft:porkchop":8,"iceandfire:dragonbone_shovel":1,"minecraft:arrow":9,"minecraft:rotten_flesh":20,"inka:zamponia":1,"alexsmobs:emu_egg":3,"minecraft:mutton":4,"alexsmobs:kangaroo_meat":4,"minecraft:cobblestone":92,"mowziesmobs:umvuthana_mask_fury":1,"minecraft:feather":5,"inka:golden_mallet_inka":1,"minecraft:andesite":65,"minecraft:brown_wool":1,"minecraft:leather":5,"minecraft:tuff":1,"undead_revamp2:huntereye":2,"minecraft:gunpowder":1,"minecraft:lapis_lazuli":29,"minecraft:dirt":44,"tombstone:gift":1,"minecraft:bone":10,"minecraft:bow":1,"minecraft:wheat_seeds":8,"tombstone:receptacle_of_familiar":1,"minecraft:acacia_sapling":1,"minecraft:iron_sword":1,"minecraft:cooked_porkchop":4,"minecraft:spider_eye":1,"minecraft:polished_andesite":1,"alexsmobs:kangaroo_hide":6,"minecraft:diamond":7,"minecraft:mossy_cobblestone_stairs":1,"tombstone:magic_scroll":1,"mowziesmobs:umvuthana_mask_fear":1,"minecraft:terracotta":30,"minecraft:oak_sapling":1,"minecraft:coal":200,"iceandfire:raw_silver":2},"minecraft:dropped":{"minecraft:enchanted_book":3,"minecraft:iron_sword":2,"minecraft:wheat_seeds":6,"minecraft:glass_bottle":1,"minecraft:cooked_porkchop":4,"minecraft:cobblestone":20,"minecraft:dirt":1,"inka:golden_mallet_inka":2,"minecraft:torch":6,"tombstone:receptacle_of_familiar":1,"tombstone:grave_key":1,"minecraft:brown_wool":1,"tombstone:grave_dust":1,"minecraft:mossy_cobblestone_stairs":1,"minecraft:pink_petals":1,"minecraft:gold_ingot":1,"minecraft:blackstone":2,"minecraft:coarse_dirt":2,"ars_nouveau:archwood_planks":3,"minecraft:rotten_flesh":6,"alexsmobs:emu_egg":3,"minecraft:spider_eye":1,"iceandfire:dragonbone_shovel":2}},"DataVersion":3465}