{"stats":{"minecraft:dropped":{"minecraft:coarse_dirt":2,"ars_nouveau:archwood_planks":3,"minecraft:rotten_flesh":1,"minecraft:spider_eye":1,"minecraft:pink_petals":1},"minecraft:killed_by":{"undead_revamp2:theimmortal":1,"minecraft:player":1,"iceandfire:fire_dragon":1},"minecraft:killed":{"alexsmobs:hummingbird":1,"alexsmobs:tiger":1,"minecraft:spider":2,"minecraft:skeleton":2,"minecraft:zombie":1,"minecraft:llama":2,"realmrpg_demons:chort":2,"undead_revamp2:sucker":1,"undead_revamp2:thespitter":1,"alexsmobs:kangaroo":4,"minecraft:cow":2},"minecraft:custom":{"minecraft:interact_with_furnace":56,"minecraft:mob_kills":19,"minecraft:interact_with_crafting_table":23,"minecraft:leave_game":2,"minecraft:time_since_death":14471,"minecraft:time_since_rest":14512,"minecraft:sprint_one_cm":141408,"minecraft:damage_taken":1332,"minecraft:walk_one_cm":167968,"minecraft:damage_blocked_by_shield":840,"minecraft:drop":5,"minecraft:damage_dealt":3367,"minecraft:fly_one_cm":264468,"minecraft:crouch_one_cm":19832,"tombstone:undead_killed":5,"minecraft:play_time":73147,"minecraft:deaths":3,"minecraft:sneak_time":8538,"minecraft:jump":1469,"minecraft:total_world_time":73147,"minecraft:fall_one_cm":32402},"minecraft:used":{"minecraft:stone_pickaxe":87,"minecraft:shield":29,"minecraft:wooden_pickaxe":6,"minecraft:iron_sword":27,"minecraft:iron_chestplate":1,"minecraft:torch":29,"minecraft:dirt":27,"minecraft:terracotta":21,"inka:golden_mallet_inka":26,"minecraft:crafting_table":7,"ars_nouveau:archwood_planks":4,"alexsmobs:cooked_kangaroo_meat":4,"minecraft:tuff":1,"minecraft:iron_axe":1,"minecraft:iron_pickaxe":305,"minecraft:stone_axe":49,"minecraft:cobblestone":15,"minecraft:furnace":11,"minecraft:andesite":50,"minecraft:cooked_beef":4,"minecraft:coarse_dirt":4,"minecraft:iron_leggings":1},"minecraft:mined":{"minecraft:tuff":1,"minecraft:acacia_leaves":2,"minecraft:crafting_table":5,"minecraft:torch":1,"minecraft:acacia_log":6,"minecraft:grass_block":8,"minecraft:tall_grass":3,"minecraft:cobblestone":1,"minecraft:deepslate_coal_ore":1,"minecraft:wall_torch":1,"minecraft:pink_petals":1,"minecraft:coarse_dirt":6,"minecraft:furnace":11,"minecraft:iron_ore":41,"minecraft:andesite":50,"minecraft:peony":1,"minecraft:grass":36,"minecraft:coal_ore":195,"minecraft:deepslate_iron_ore":9,"minecraft:dirt":35,"minecraft:terracotta":30,"minecraft:stone":53,"ars_nouveau:purple_archwood_log":38},"minecraft:crafted":{"minecraft:cooked_beef":4,"ars_nouveau:archwood_planks":17,"minecraft:crafting_table":2,"jinghui:xj":2,"minecraft:wooden_pickaxe":1,"minecraft:iron_helmet":1,"alexsmobs:cooked_kangaroo_meat":4,"minecraft:iron_sword":1,"minecraft:furnace":2,"minecraft:stone_axe":1,"minecraft:air":46,"minecraft:iron_boots":1,"minecraft:iron_chestplate":1,"minecraft:charcoal":6,"minecraft:shield":1,"minecraft:iron_axe":1,"minecraft:stick":20,"minecraft:iron_ingot":42,"minecraft:iron_pickaxe":2,"minecraft:stone_pickaxe":1,"minecraft:iron_leggings":1,"minecraft:acacia_planks":6,"minecraft:torch":20},"minecraft:broken":{"minecraft:iron_pickaxe":1},"minecraft:picked_up":{"minecraft:crafting_table":5,"minecraft:coarse_dirt":6,"minecraft:wheat":2,"inka:golden_mallet_inka":1,"minecraft:andesite":50,"minecraft:leather":5,"minecraft:tuff":1,"undead_revamp2:huntereye":1,"minecraft:dirt":43,"minecraft:bone":2,"minecraft:bow":1,"minecraft:wheat_seeds":2,"minecraft:beef":4,"minecraft:acacia_sapling":1,"minecraft:furnace":11,"minecraft:stick":3,"minecraft:raw_iron":50,"ars_nouveau:purple_archwood_log":37,"minecraft:torch":2,"minecraft:acacia_log":6,"ars_nouveau:purple_archwood_sapling":2,"minecraft:spider_eye":1,"alexsmobs:kangaroo_hide":4,"minecraft:rotten_flesh":3,"minecraft:terracotta":30,"minecraft:oak_sapling":1,"alexsmobs:kangaroo_meat":4,"minecraft:coal":197,"minecraft:cobblestone":51}},"DataVersion":3465}