{"stats":{"minecraft:custom":{"minecraft:mob_kills":70,"minecraft:interact_with_crafting_table":33,"minecraft:leave_game":2,"minecraft:time_since_death":6730,"minecraft:climb_one_cm":0,"minecraft:sprint_one_cm":318222,"minecraft:walk_one_cm":324678,"minecraft:damage_blocked_by_shield":1865,"minecraft:drop":21,"minecraft:play_time":131827,"minecraft:deaths":8,"minecraft:sneak_time":11053,"minecraft:walk_under_water_one_cm":454,"tombstone:tomb_raiding":1,"minecraft:jump":3271,"minecraft:walk_on_water_one_cm":488,"minecraft:total_world_time":131827,"minecraft:interact_with_furnace":68,"minecraft:time_since_rest":6754,"minecraft:damage_taken":4240,"minecraft:trigger_trapped_chest":4,"minecraft:damage_dealt":12301,"minecraft:fly_one_cm":727005,"minecraft:open_chest":12,"minecraft:crouch_one_cm":26642,"tombstone:undead_killed":28,"minecraft:fall_one_cm":84588},"minecraft:killed":{"alexsmobs:hummingbird":1,"inka:incawarrior_1":1,"undead_revamp2:thehunter":1,"alexsmobs:tiger":1,"minecraft:spider":3,"minecraft:skeleton":8,"minecraft:llama":2,"realmrpg_demons:chort":4,"undead_revamp2:sucker":6,"undead_revamp2:thespitter":1,"alexsmobs:kangaroo":5,"minecraft:pig":3,"minecraft:zombie_villager":1,"undead_revamp2:the_moonflower":2,"mowziesmobs:umvuthana_follower_raptor":5,"minecraft:creeper":2,"minecraft:sheep":1,"undead_revamp2:thesomnolence":1,"iceandfire:ghost":4,"minecraft:zombie":5,"alexsmobs:gazelle":6,"mowziesmobs:umvuthana_raptor":1,"minecraft:cow":2},"minecraft:killed_by":{"undead_revamp2:theimmortal":1,"undead_revamp2:sucker":1,"minecraft:player":1,"minecraft:spider":1,"minecraft:zombie":1,"iceandfire:ghost":1,"undead_revamp2:thebeartamer":1,"iceandfire:fire_dragon":1},"minecraft:broken":{"minecraft:iron_pickaxe":1,"minecraft:iron_helmet":1},"minecraft:mined":{"minecraft:tuff":1,"minecraft:acacia_log":6,"minecraft:grass_block":9,"minecraft:furnace":14,"minecraft:raw_gold_block":8,"minecraft:iron_ore":41,"minecraft:andesite":65,"minecraft:peony":1,"minecraft:gold_block":7,"minecraft:deepslate_iron_ore":9,"minecraft:stone":53,"ars_nouveau:purple_archwood_log":38,"minecraft:acacia_leaves":2,"minecraft:crafting_table":5,"minecraft:torch":1,"minecraft:tall_grass":7,"minecraft:cobblestone":22,"minecraft:deepslate_coal_ore":1,"minecraft:wall_torch":2,"minecraft:pink_petals":1,"minecraft:coarse_dirt":6,"minecraft:wheat":2,"minecraft:grass":47,"minecraft:coal_ore":195,"inka:mudbrickbig":2,"minecraft:dirt":35,"minecraft:terracotta":30},"minecraft:crafted":{"ars_nouveau:archwood_planks":25,"jinghui:xj":2,"minecraft:furnace":2,"minecraft:bone_meal":2,"minecraft:cooked_mutton":4,"minecraft:iron_boots":1,"minecraft:leather":3,"minecraft:iron_axe":1,"minecraft:iron_hoe":1,"minecraft:stone_pickaxe":1,"minecraft:cooked_beef":4,"minecraft:cooked_porkchop":8,"minecraft:crafting_table":3,"minecraft:wooden_pickaxe":1,"minecraft:iron_helmet":1,"alexsmobs:cooked_kangaroo_meat":4,"minecraft:iron_sword":1,"minecraft:stone_axe":1,"minecraft:bread":1,"minecraft:air":80,"minecraft:iron_chestplate":1,"minecraft:charcoal":6,"minecraft:shield":1,"minecraft:stick":28,"minecraft:iron_ingot":42,"minecraft:iron_pickaxe":2,"minecraft:iron_leggings":1,"minecraft:acacia_planks":6,"minecraft:torch":26},"minecraft:used":{"iceandfire:silver_sword":29,"minecraft:shield":69,"minecraft:iron_sword":118,"minecraft:iron_chestplate":1,"minecraft:torch":40,"minecraft:dirt":27,"alexsmobs:cooked_kangaroo_meat":4,"minecraft:tuff":1,"minecraft:iron_hoe":3,"iceandfire:dragonbone_shovel":55,"minecraft:iron_axe":1,"undead_revamp2:huntereye":2,"minecraft:bow":2,"minecraft:furnace":13,"tombstone:gift":3,"minecraft:cooked_beef":4,"minecraft:iron_leggings":1,"minecraft:wheat_seeds":2,"minecraft:cooked_mutton":1,"minecraft:stone_pickaxe":87,"minecraft:wooden_pickaxe":6,"minecraft:terracotta":21,"minecraft:crafting_table":8,"inka:golden_mallet_inka":26,"ars_nouveau:archwood_planks":4,"minecraft:bread":1,"minecraft:iron_pickaxe":360,"minecraft:stone_axe":49,"minecraft:cobblestone":23,"minecraft:cooked_porkchop":2,"mowziesmobs:umvuthana_mask_fury":1,"minecraft:andesite":50,"minecraft:coarse_dirt":4,"minecraft:bone_meal":5},"minecraft:picked_up":{"minecraft:crafting_table":5,"minecraft:coarse_dirt":6,"minecraft:wheat":4,"minecraft:enchanted_book":2,"minecraft:gold_block":7,"minecraft:potion":1,"alexsmobs:gazelle_horn":3,"minecraft:beef":4,"minecraft:furnace":13,"minecraft:stick":3,"minecraft:raw_iron":50,"ars_nouveau:purple_archwood_log":37,"minecraft:raw_gold_block":8,"minecraft:acacia_log":6,"minecraft:torch":3,"ars_nouveau:purple_archwood_sapling":2,"minecraft:porkchop":8,"iceandfire:dragonbone_shovel":1,"minecraft:arrow":9,"minecraft:rotten_flesh":16,"inka:zamponia":1,"alexsmobs:emu_egg":3,"minecraft:mutton":4,"alexsmobs:kangaroo_meat":4,"minecraft:cobblestone":72,"mowziesmobs:umvuthana_mask_fury":1,"minecraft:feather":5,"inka:golden_mallet_inka":1,"minecraft:andesite":65,"minecraft:brown_wool":1,"minecraft:leather":5,"minecraft:tuff":1,"undead_revamp2:huntereye":2,"minecraft:dirt":44,"minecraft:bone":9,"minecraft:bow":1,"minecraft:wheat_seeds":8,"minecraft:acacia_sapling":1,"minecraft:iron_sword":1,"minecraft:spider_eye":1,"alexsmobs:kangaroo_hide":6,"mowziesmobs:umvuthana_mask_fear":1,"minecraft:terracotta":30,"minecraft:oak_sapling":1,"minecraft:coal":200},"minecraft:dropped":{"minecraft:iron_sword":2,"minecraft:wheat_seeds":6,"minecraft:dirt":1,"inka:golden_mallet_inka":2,"minecraft:torch":6,"tombstone:grave_key":1,"minecraft:brown_wool":1,"tombstone:grave_dust":1,"minecraft:pink_petals":1,"minecraft:coarse_dirt":2,"ars_nouveau:archwood_planks":3,"minecraft:rotten_flesh":2,"alexsmobs:emu_egg":3,"minecraft:spider_eye":1,"iceandfire:dragonbone_shovel":2}},"DataVersion":3465}