{"stats":{"minecraft:dropped":{"minecraft:enchanted_book":5,"minecraft:iron_sword":2,"minecraft:wheat_seeds":6,"minecraft:glass_bottle":1,"minecraft:cooked_porkchop":4,"minecraft:cobblestone":20,"minecraft:dirt":1,"inka:golden_mallet_inka":2,"minecraft:torch":6,"tombstone:receptacle_of_familiar":1,"tombstone:grave_key":1,"minecraft:brown_wool":1,"tombstone:grave_dust":2,"minecraft:mossy_cobblestone_stairs":1,"minecraft:pink_petals":1,"minecraft:gold_ingot":1,"minecraft:blackstone":2,"alexsmobs:gazelle_horn":3,"minecraft:coarse_dirt":2,"ars_nouveau:archwood_planks":3,"minecraft:rotten_flesh":8,"alexsmobs:emu_egg":3,"minecraft:gunpowder":1,"minecraft:spider_eye":1,"minecraft:arrow":7,"iceandfire:dragonbone_shovel":2},"minecraft:killed_by":{"undead_revamp2:theimmortal":1,"minecraft:player":1,"undead_revamp2:sucker":1,"minecraft:spider":1,"minecraft:enderman":1,"undead_revamp2:thesomnolence":1,"irons_spellbooks:necromancer":1,"minecraft:zombie":1,"iceandfire:ghost":1,"undead_revamp2:thebeartamer":1,"iceandfire:fire_dragon":1},"minecraft:custom":{"minecraft:mob_kills":134,"minecraft:interact_with_crafting_table":48,"minecraft:open_barrel":4,"minecraft:leave_game":3,"minecraft:time_since_death":7443,"minecraft:climb_one_cm":36,"minecraft:sprint_one_cm":410401,"minecraft:walk_one_cm":416215,"minecraft:damage_blocked_by_shield":2905,"minecraft:drop":39,"minecraft:play_time":175106,"minecraft:deaths":12,"minecraft:sneak_time":13121,"minecraft:walk_under_water_one_cm":1327,"tombstone:tomb_raiding":1,"minecraft:jump":3999,"minecraft:walk_on_water_one_cm":9354,"minecraft:total_world_time":175106,"minecraft:interact_with_furnace":71,"minecraft:time_since_rest":7472,"minecraft:damage_taken":6366,"minecraft:damage_absorbed":39,"minecraft:trigger_trapped_chest":4,"minecraft:damage_dealt":24081,"minecraft:fly_one_cm":854651,"minecraft:open_chest":37,"minecraft:crouch_one_cm":32208,"tombstone:undead_killed":65,"minecraft:interact_with_smoker":1,"minecraft:fall_one_cm":101509},"minecraft:killed":{"alexsmobs:hummingbird":1,"inka:incawarrior_1":1,"undead_revamp2:thehunter":3,"alexsmobs:tiger":1,"minecraft:spider":9,"minecraft:skeleton":12,"minecraft:llama":2,"realmrpg_demons:chort":4,"undead_revamp2:thebidy":1,"undead_revamp2:sucker":7,"alexsmobs:kangaroo":5,"undead_revamp2:thespitter":2,"minecraft:pig":3,"minecraft:zombie_villager":1,"undead_revamp2:the_moonflower":4,"jinghui:hongshu":1,"minecraft:bat":1,"mowziesmobs:umvuthana_follower_raptor":5,"undead_revamp2:thebeartamer":1,"minecraft:creeper":3,"minecraft:sheep":1,"undead_revamp2:thesomnolence":5,"minecraft:zombie":30,"iceandfire:ghost":4,"alexsmobs:gazelle":6,"mowziesmobs:umvuthana_raptor":1,"minecraft:cow":2},"minecraft:used":{"iceandfire:silver_sword":211,"minecraft:shield":102,"minecraft:iron_sword":118,"minecraft:iron_chestplate":1,"minecraft:torch":91,"minecraft:dirt":27,"alexsmobs:cooked_kangaroo_meat":4,"minecraft:tuff":1,"minecraft:iron_hoe":52,"iceandfire:dragonbone_shovel":55,"minecraft:iron_axe":1,"undead_revamp2:huntereye":2,"minecraft:stone_bricks":2,"minecraft:bow":4,"minecraft:furnace":13,"morevanillashields:diamond_shield":1,"tombstone:gift":4,"minecraft:cooked_beef":4,"minecraft:cobbled_deepslate":5,"minecraft:iron_leggings":1,"minecraft:wheat_seeds":2,"minecraft:cooked_mutton":4,"minecraft:stone_pickaxe":87,"minecraft:wooden_pickaxe":6,"minecraft:golden_apple":1,"minecraft:terracotta":21,"inka:golden_mallet_inka":26,"minecraft:crafting_table":10,"ars_nouveau:archwood_planks":4,"minecraft:iron_pickaxe":406,"minecraft:bread":1,"tombstone:magic_scroll":1,"minecraft:stone_axe":49,"minecraft:cobblestone":46,"minecraft:potion":1,"mowziesmobs:umvuthana_mask_fury":1,"minecraft:cooked_porkchop":8,"minecraft:andesite":50,"minecraft:coarse_dirt":4,"inka:tocosh":1,"minecraft:bone_meal":5,"minecraft:experience_bottle":1},"minecraft:mined":{"minecraft:tuff":1,"minecraft:deepslate_diamond_ore":9,"minecraft:cobblestone_stairs":1,"minecraft:sculk_vein":5,"minecraft:acacia_log":6,"minecraft:grass_block":9,"iceandfire:deepslate_silver_ore":4,"minecraft:spawner":3,"minecraft:furnace":16,"minecraft:mossy_cobblestone_stairs":1,"minecraft:raw_gold_block":8,"minecraft:iron_ore":41,"minecraft:fire":3,"minecraft:andesite":65,"minecraft:deepslate_lapis_ore":5,"minecraft:peony":1,"minecraft:gold_block":7,"minecraft:deepslate_iron_ore":9,"minecraft:stone":53,"ars_nouveau:purple_archwood_log":38,"minecraft:acacia_leaves":2,"minecraft:blackstone":5,"minecraft:smoker":1,"minecraft:crafting_table":8,"minecraft:torch":1,"minecraft:tall_grass":7,"minecraft:cobblestone":28,"minecraft:deepslate_coal_ore":1,"minecraft:sculk":44,"minecraft:wall_torch":2,"minecraft:pink_petals":1,"minecraft:coarse_dirt":6,"minecraft:wheat":2,"minecraft:grass":47,"minecraft:coal_ore":195,"inka:mudbrickbig":2,"minecraft:dirt":35,"minecraft:infested_cracked_stone_bricks":1,"minecraft:smooth_basalt":1,"minecraft:terracotta":30,"minecraft:polished_andesite":2,"minecraft:stone_bricks":3,"minecraft:deepslate":2},"minecraft:crafted":{"ars_nouveau:archwood_planks":77,"jinghui:xj":2,"minecraft:furnace":2,"minecraft:bone_meal":2,"minecraft:cooked_mutton":4,"minecraft:iron_boots":1,"minecraft:leather":3,"minecraft:iron_axe":1,"minecraft:iron_hoe":1,"minecraft:stone_pickaxe":1,"minecraft:chest":1,"sophisticatedbackpacks:iron_backpack":1,"minecraft:cooked_beef":4,"sophisticatedbackpacks:backpack":1,"minecraft:cooked_porkchop":8,"minecraft:crafting_table":4,"minecraft:wooden_pickaxe":1,"minecraft:iron_helmet":1,"alexsmobs:cooked_kangaroo_meat":4,"minecraft:iron_sword":1,"sophisticatedbackpacks:gold_backpack":1,"minecraft:stone_axe":1,"minecraft:bread":1,"minecraft:air":320,"minecraft:iron_chestplate":1,"minecraft:charcoal":6,"minecraft:shield":1,"minecraft:stick":36,"minecraft:iron_ingot":55,"minecraft:iron_pickaxe":2,"minecraft:iron_leggings":1,"minecraft:gold_ingot":7,"minecraft:acacia_planks":6,"morevanillashields:diamond_shield":1,"minecraft:torch":58},"minecraft:broken":{"minecraft:iron_boots":1,"minecraft:iron_chestplate":1,"minecraft:iron_leggings":1,"minecraft:shield":1,"minecraft:iron_pickaxe":1,"minecraft:iron_helmet":1},"minecraft:picked_up":{"undead_revamp2:bostroxingot":1,"minecraft:crafting_table":8,"minecraft:coarse_dirt":6,"minecraft:wheat":6,"minecraft:potion":1,"minecraft:gold_block":7,"minecraft:enchanted_book":5,"alexsmobs:gazelle_horn":3,"minecraft:string":12,"minecraft:blackstone":2,"irons_spellbooks:arcane_essence":2,"minecraft:cobbled_deepslate":7,"minecraft:beef":4,"minecraft:furnace":15,"minecraft:stick":3,"minecraft:raw_iron":50,"ars_nouveau:purple_archwood_log":37,"minecraft:raw_gold_block":8,"minecraft:copper_ingot":2,"minecraft:torch":4,"minecraft:acacia_log":6,"ars_nouveau:purple_archwood_sapling":2,"minecraft:porkchop":8,"tombstone:grave_dust":2,"iceandfire:dragonbone_shovel":1,"minecraft:arrow":22,"minecraft:rotten_flesh":35,"inka:zamponia":1,"alexsmobs:emu_egg":3,"tombstone:essence_of_undeath":1,"minecraft:mutton":4,"undead_revamp2:arapholia":1,"alexsmobs:kangaroo_meat":4,"minecraft:cobblestone":98,"mowziesmobs:umvuthana_mask_fury":1,"minecraft:feather":5,"inka:golden_mallet_inka":1,"minecraft:andesite":65,"minecraft:brown_wool":1,"minecraft:leather":5,"minecraft:smoker":1,"minecraft:tuff":1,"undead_revamp2:huntereye":2,"minecraft:gunpowder":2,"minecraft:lapis_lazuli":37,"minecraft:dirt":44,"tombstone:gift":1,"minecraft:bone":15,"minecraft:stone_bricks":2,"minecraft:bow":1,"minecraft:wheat_seeds":8,"tombstone:receptacle_of_familiar":1,"minecraft:iron_sword":1,"minecraft:acacia_sapling":1,"minecraft:cooked_porkchop":4,"minecraft:spider_eye":3,"undead_revamp2:acidsack":1,"minecraft:polished_andesite":1,"alexsmobs:kangaroo_hide":6,"minecraft:diamond":9,"minecraft:mossy_cobblestone_stairs":1,"mowziesmobs:umvuthana_mask_fear":1,"minecraft:terracotta":30,"tombstone:magic_scroll":1,"minecraft:oak_sapling":1,"minecraft:coal":200,"iceandfire:raw_silver":4}},"DataVersion":3465}