{"stats":{"minecraft:dropped":{"minecraft:enchanted_book":5,"minecraft:iron_sword":2,"minecraft:wheat_seeds":7,"minecraft:glass_bottle":1,"minecraft:cooked_porkchop":4,"minecraft:cobblestone":20,"minecraft:dirt":2,"inka:golden_mallet_inka":2,"minecraft:torch":6,"tombstone:receptacle_of_familiar":1,"tombstone:grave_key":1,"minecraft:brown_wool":1,"tombstone:grave_dust":2,"minecraft:mossy_cobblestone_stairs":1,"minecraft:pink_petals":1,"minecraft:redstone":45,"minecraft:gold_ingot":1,"minecraft:blackstone":2,"alexsmobs:gazelle_horn":3,"minecraft:coarse_dirt":2,"ars_nouveau:archwood_planks":3,"minecraft:rotten_flesh":8,"alexsmobs:emu_egg":3,"minecraft:gunpowder":1,"minecraft:spider_eye":1,"minecraft:arrow":7,"minecraft:dark_prismarine":1,"iceandfire:dragonbone_shovel":2},"minecraft:killed_by":{"undead_revamp2:theimmortal":1,"undead_revamp2:sucker":1,"minecraft:player":1,"minecraft:spider":3,"minecraft:enderman":1,"undead_revamp2:thesomnolence":1,"alexsmobs:murmur_head":1,"undead_revamp2:clogger":2,"irons_spellbooks:necromancer":2,"undead_revamp2:bomber":1,"iceandfire:ice_dragon":6,"minecraft:skeleton":1,"minecraft:zombie":1,"iceandfire:ghost":1,"undead_revamp2:thebeartamer":2,"iceandfire:fire_dragon":1,"legendarycreatures:hound":1},"minecraft:custom":{"minecraft:mob_kills":200,"minecraft:interact_with_crafting_table":56,"minecraft:open_barrel":7,"minecraft:damage_dealt_resisted":42,"minecraft:leave_game":8,"minecraft:time_since_death":2351,"minecraft:climb_one_cm":1309,"minecraft:sprint_one_cm":750471,"minecraft:walk_one_cm":623557,"minecraft:damage_blocked_by_shield":3618,"minecraft:drop":46,"minecraft:play_time":296763,"minecraft:deaths":31,"minecraft:sneak_time":16646,"minecraft:walk_under_water_one_cm":13754,"tombstone:tomb_raiding":1,"minecraft:jump":8604,"minecraft:walk_on_water_one_cm":21487,"minecraft:total_world_time":296763,"minecraft:interact_with_furnace":71,"minecraft:sleep_in_bed":4,"minecraft:time_since_rest":2372,"minecraft:damage_taken":13008,"minecraft:damage_absorbed":63,"minecraft:trigger_trapped_chest":5,"minecraft:damage_dealt":40280,"minecraft:swim_one_cm":20571,"minecraft:fly_one_cm":1800111,"waystones:waystone_activated":1,"minecraft:open_chest":57,"minecraft:crouch_one_cm":40199,"tombstone:undead_killed":97,"minecraft:interact_with_smoker":8,"minecraft:fall_one_cm":227401},"minecraft:killed":{"alexsmobs:hummingbird":1,"inka:incawarrior_1":1,"irons_spellbooks:summoned_zombie":1,"undead_revamp2:thehunter":4,"alexsmobs:tiger":1,"minecraft:spider":13,"alexsmobs:murmur":1,"undead_revamp2:thesmoker":1,"undead_revamp2:bomber":1,"minecraft:skeleton":20,"iceandfire:siren":1,"minecraft:chicken":1,"minecraft:llama":2,"realmrpg_demons:chort":8,"undead_revamp2:thebidy":2,"irons_spellbooks:summoned_skeleton":2,"undead_revamp2:sucker":8,"alexsmobs:kangaroo":5,"undead_revamp2:thespitter":3,"minecraft:pig":5,"minecraft:zombie_villager":1,"undead_revamp2:the_moonflower":5,"jinghui:hongshu":1,"minecraft:bat":1,"mowziesmobs:umvuthana_follower_raptor":5,"undead_revamp2:thebeartamer":1,"irons_spellbooks:necromancer":1,"minecraft:creeper":3,"minecraft:sheep":5,"undead_revamp2:thesomnolence":10,"minecraft:zombie":40,"iceandfire:ghost":5,"alexsmobs:gazelle":7,"iceandfire:ice_dragon":1,"undead_revamp2:theskeeper":1,"mowziesmobs:umvuthana_raptor":1,"minecraft:cow":2},"minecraft:used":{"iceandfire:silver_sword":449,"minecraft:spruce_planks":1,"minecraft:shield":102,"minecraft:iron_sword":118,"minecraft:iron_chestplate":1,"minecraft:torch":158,"minecraft:dirt":29,"alexsmobs:cooked_kangaroo_meat":4,"minecraft:tuff":1,"minecraft:iron_hoe":53,"iceandfire:dragonbone_shovel":55,"minecraft:iron_axe":1,"undead_revamp2:huntereye":2,"minecraft:stone_bricks":2,"minecraft:bow":12,"minecraft:furnace":13,"tombstone:gift":4,"morevanillashields:diamond_shield":51,"minecraft:cooked_beef":4,"minecraft:cobbled_deepslate":35,"minecraft:iron_leggings":1,"minecraft:wheat_seeds":2,"minecraft:cooked_mutton":11,"minecraft:stone_pickaxe":87,"minecraft:wooden_pickaxe":6,"minecraft:green_bed":2,"minecraft:golden_apple":1,"minecraft:terracotta":21,"inka:golden_mallet_inka":26,"minecraft:crafting_table":15,"ars_nouveau:archwood_planks":14,"minecraft:white_bed":2,"iceandfire:silver_axe":71,"minecraft:smoker":2,"minecraft:diamond_pickaxe":137,"biomeswevegone:peat":1,"minecraft:diamond_shovel":77,"minecraft:iron_pickaxe":441,"minecraft:bread":5,"tombstone:magic_scroll":2,"tombstone:grave_key":1,"minecraft:stone_axe":49,"minecraft:cobblestone":126,"minecraft:potion":1,"mowziesmobs:umvuthana_mask_fury":1,"minecraft:cooked_porkchop":11,"minecraft:andesite":50,"minecraft:coarse_dirt":5,"inka:tocosh":3,"minecraft:bone_meal":5,"minecraft:experience_bottle":1},"minecraft:mined":{"minecraft:dark_prismarine":1,"minecraft:tuff":1,"minecraft:spruce_planks":2,"minecraft:white_bed":1,"minecraft:deepslate_diamond_ore":26,"minecraft:sculk_vein":5,"minecraft:cobblestone_stairs":1,"minecraft:obsidian":5,"minecraft:acacia_log":6,"minecraft:stone_brick_wall":1,"minecraft:grass_block":11,"iceandfire:deepslate_silver_ore":4,"minecraft:spruce_leaves":3,"minecraft:spawner":3,"minecraft:large_fern":1,"biomeswevegone:yellow_birch_leaves":2,"minecraft:furnace":16,"minecraft:mossy_cobblestone_stairs":1,"minecraft:raw_gold_block":8,"minecraft:iron_ore":57,"minecraft:fire":3,"minecraft:cobbled_deepslate":6,"minecraft:andesite":65,"minecraft:deepslate_lapis_ore":7,"minecraft:peony":1,"minecraft:gold_block":7,"minecraft:deepslate_iron_ore":10,"minecraft:stone":122,"minecraft:green_bed":2,"ars_nouveau:purple_archwood_log":38,"minecraft:deepslate_redstone_ore":10,"minecraft:acacia_leaves":2,"minecraft:blackstone":5,"minecraft:smoker":3,"iceandfire:dragon_ice_spikes":5,"minecraft:crafting_table":13,"minecraft:torch":1,"biomeswevegone:peat":1,"undead_revamp2:somnolencespawns":3,"biomeswevegone:tall_prairie_grass":2,"minecraft:copper_ore":1,"minecraft:tall_grass":8,"minecraft:cobblestone":38,"minecraft:deepslate_coal_ore":1,"minecraft:sculk":44,"minecraft:wall_torch":5,"minecraft:pink_petals":1,"minecraft:coarse_dirt":7,"ars_nouveau:archwood_planks":10,"minecraft:wheat":2,"minecraft:magenta_bed":1,"minecraft:birch_leaves":1,"minecraft:grass":50,"minecraft:coal_ore":195,"inka:mudbrickbig":2,"minecraft:sand":77,"minecraft:dirt":37,"minecraft:infested_cracked_stone_bricks":1,"minecraft:smooth_basalt":1,"minecraft:terracotta":30,"minecraft:stone_bricks":3,"minecraft:polished_andesite":2,"minecraft:deepslate":27,"minecraft:fern":1},"minecraft:crafted":{"ars_nouveau:archwood_planks":77,"jinghui:xj":2,"minecraft:furnace":2,"minecraft:bone_meal":2,"minecraft:cooked_mutton":11,"minecraft:iron_boots":1,"minecraft:leather":3,"minecraft:iron_axe":1,"minecraft:iron_hoe":1,"minecraft:stone_pickaxe":1,"minecraft:chest":1,"sophisticatedbackpacks:iron_backpack":1,"iceandfire:silver_axe":1,"minecraft:cooked_beef":4,"sophisticatedbackpacks:backpack":1,"minecraft:cooked_porkchop":11,"minecraft:crafting_table":4,"minecraft:wooden_pickaxe":1,"minecraft:iron_helmet":1,"alexsmobs:cooked_kangaroo_meat":4,"minecraft:iron_sword":1,"sophisticatedbackpacks:gold_backpack":1,"minecraft:stone_axe":1,"minecraft:bread":5,"minecraft:air":320,"minecraft:iron_chestplate":1,"minecraft:charcoal":6,"minecraft:shield":1,"minecraft:stick":40,"minecraft:iron_ingot":55,"minecraft:iron_pickaxe":2,"minecraft:iron_leggings":1,"minecraft:gold_ingot":7,"minecraft:white_bed":1,"minecraft:acacia_planks":6,"minecraft:torch":58,"morevanillashields:diamond_shield":1},"minecraft:broken":{"medievalry:rusty_great_helm_boots":1,"minecraft:iron_boots":1,"minecraft:iron_chestplate":1,"minecraft:iron_leggings":1,"minecraft:shield":1,"minecraft:iron_pickaxe":1,"minecraft:iron_helmet":2},"minecraft:picked_up":{"undead_revamp2:bostroxingot":1,"minecraft:coarse_dirt":8,"minecraft:crafting_table":13,"minecraft:wheat":13,"minecraft:chicken":1,"minecraft:prismarine_shard":2,"minecraft:stone_brick_wall":1,"minecraft:potion":1,"minecraft:gold_block":7,"minecraft:enchanted_book":5,"ars_nouveau:archwood_planks":10,"alexsmobs:gazelle_horn":4,"minecraft:string":17,"minecraft:raw_copper":4,"minecraft:blackstone":2,"irons_spellbooks:arcane_essence":3,"minecraft:cobbled_deepslate":38,"minecraft:spruce_planks":2,"minecraft:beef":4,"alexsmobs:elastic_tendon":1,"iceandfire:ice_dragon_heart":1,"minecraft:egg":2,"minecraft:furnace":15,"iceandfire:dragonbone":9,"minecraft:stick":3,"minecraft:raw_iron":67,"ars_nouveau:purple_archwood_log":37,"minecraft:raw_gold_block":8,"minecraft:green_bed":2,"minecraft:copper_ingot":2,"minecraft:torch":7,"minecraft:acacia_log":6,"ars_nouveau:purple_archwood_sapling":2,"minecraft:porkchop":11,"tombstone:grave_dust":10,"minecraft:redstone":68,"minecraft:prismarine_crystals":5,"iceandfire:dragonbone_shovel":1,"iceandfire:dragon_skull_ice":1,"minecraft:arrow":34,"minecraft:rotten_flesh":57,"inka:zamponia":1,"iceandfire:dragonscales_silver":14,"minecraft:obsidian":5,"alexsmobs:emu_egg":3,"tombstone:essence_of_undeath":1,"undead_revamp2:the_somnolenceextract":1,"minecraft:mutton":11,"alexsmobs:kangaroo_meat":4,"undead_revamp2:arapholia":1,"minecraft:white_wool":4,"minecraft:cobblestone":177,"mowziesmobs:umvuthana_mask_fury":1,"minecraft:feather":6,"inka:golden_mallet_inka":1,"minecraft:andesite":65,"minecraft:leather":5,"minecraft:brown_wool":1,"minecraft:smoker":3,"biomeswevegone:peat":1,"minecraft:tuff":1,"undead_revamp2:huntereye":2,"minecraft:gunpowder":2,"minecraft:lapis_lazuli":48,"minecraft:dirt":48,"tombstone:gift":1,"minecraft:bone":27,"minecraft:stone_bricks":2,"minecraft:bow":1,"minecraft:wheat_seeds":10,"tombstone:receptacle_of_familiar":1,"minecraft:iron_sword":1,"minecraft:acacia_sapling":1,"minecraft:cooked_porkchop":4,"minecraft:red_wool":1,"minecraft:sand":75,"iceandfire:shiny_scales":4,"minecraft:white_bed":1,"minecraft:bundle":1,"minecraft:spider_eye":5,"undead_revamp2:acidsack":1,"minecraft:dark_prismarine":1,"minecraft:polished_andesite":1,"alexsmobs:kangaroo_hide":6,"minecraft:slime_ball":1,"minecraft:diamond":26,"minecraft:mossy_cobblestone_stairs":1,"mowziesmobs:umvuthana_mask_fear":1,"minecraft:terracotta":30,"tombstone:magic_scroll":4,"minecraft:oak_sapling":1,"minecraft:coal":204,"iceandfire:raw_silver":4}},"DataVersion":3465}