{"stats":{"minecraft:custom":{"minecraft:interact_with_crafting_table":51,"minecraft:open_barrel":3,"minecraft:leave_game":5,"minecraft:time_since_death":81707,"minecraft:sprint_one_cm":385821,"minecraft:damage_blocked_by_shield":1235,"minecraft:drop":136,"minecraft:talked_to_villager":3,"minecraft:play_time":190623,"minecraft:deaths":8,"minecraft:jump":4365,"minecraft:walk_on_water_one_cm":14619,"minecraft:interact_with_furnace":12,"minecraft:interact_with_cartography_table":1,"minecraft:sleep_in_bed":2,"minecraft:damage_dealt":33040,"minecraft:crouch_one_cm":4305,"tombstone:undead_killed":57,"minecraft:mob_kills":106,"minecraft:damage_dealt_resisted":236,"minecraft:climb_one_cm":1041,"minecraft:walk_one_cm":463755,"minecraft:damage_dealt_absorbed":80,"minecraft:sneak_time":2689,"minecraft:walk_under_water_one_cm":3555,"minecraft:total_world_time":190623,"tombstone:raider_killed":8,"minecraft:time_since_rest":34214,"minecraft:damage_taken":6811,"minecraft:damage_absorbed":629,"minecraft:fly_one_cm":948129,"minecraft:open_chest":47,"minecraft:fall_one_cm":103660},"minecraft:killed":{"undead_revamp2:thewolf":1,"medievalry:ghoul":1,"minecraft:spider":2,"undead_revamp2:axestrom":2,"realmrpg_demons:imp":3,"inka:capac":1,"undead_revamp2:theswarmer":2,"minecraft:skeleton":5,"luminous_nether:ghost":2,"minecraft:bee":1,"realmrpg_demons:chort":2,"irons_spellbooks:summoned_skeleton":1,"alexsmobs:kangaroo":3,"undead_revamp2:thespitter":1,"undead_revamp2:theheavy":1,"minecraft:sheep":1,"minecraft:pillager":7,"undead_revamp2:slaveman":2,"minecraft:zombie":6,"inka:headclava":1,"minecraft:cow":5,"tameablebeasts:scarecrow_allay":1,"undead_revamp2:thehunter":15,"minecraft:vindicator":1,"luminous_nether:piglin_ghost":7,"iceandfire:fire_dragon":1,"alexsmobs:bison":2,"undead_revamp2:sucker":5,"undead_revamp2:the_moonflower":5,"tameablebeasts:tameable_chikote":1,"undead_revamp2:thesomnolence":4,"alexsmobs:gazelle":4,"iceandfire:ice_dragon":2,"minecraft:wither_skeleton":2,"creeperoverhaul:savannah_creeper":1,"medievalry:undead_knight":1},"minecraft:killed_by":{"iceandfire:ice_dragon":3,"undead_revamp2:slaveman":1,"minecraft:player":1,"undead_revamp2:thehunter":1},"minecraft:broken":{"moonsweaponry:golden_scythe":1,"minecraft:stone_pickaxe":2,"moonsweaponry:golden_hammer":1,"luckys_armory:heavy_golden_armor_boots":1},"minecraft:mined":{"minecraft:carved_pumpkin":2,"minecraft:obsidian":15,"minecraft:acacia_log":5,"luminous_nether:tall_ash_grass":2,"minecraft:grass_block":15,"minecraft:composter":2,"minecraft:spawner":1,"minecraft:iron_ore":7,"minecraft:fire":8,"minecraft:pumpkin":5,"minecraft:fletching_table":4,"minecraft:brown_bed":3,"luminous_nether:ash_grass":1,"luminous_nether:loot_vase_6":2,"iceandfire:dragon_ice_spikes":27,"iceandfire:frozen_dirt":7,"biomeswevegone:clover_patch":1,"minecraft:cobblestone":7,"biomeswevegone:blueberry_bush":1,"minecraft:grass":19,"minecraft:oak_log":18,"inka:mudbrickbig":1,"minecraft:sand":3,"minecraft:dirt":29,"minecraft:oak_leaves":9,"biomeswevegone:firecracker_leaves":5,"iceandfire:frozen_stone":1,"minecraft:decorated_pot":7,"iceandfire:frozen_grass":10,"iceandfire:chared_dirt":2,"minecraft:moss_block":1,"minecraft:large_fern":1,"minecraft:hay_block":30,"biomeswevegone:pink_anemone":1,"minecraft:furnace":4,"minecraft:raw_gold_block":8,"minecraft:gold_block":52,"minecraft:deepslate_iron_ore":6,"crittersandcompanions:silk_cocoon":1,"minecraft:stone":315,"minecraft:acacia_leaves":230,"ars_nouveau:green_archwood_log":5,"luminous_nether:loot_vase_5":4,"minecraft:oak_fence":1,"minecraft:crafting_table":21,"minecraft:tall_grass":10,"minecraft:deepslate_coal_ore":1,"biomeswevegone:firecracker_flower_bush":3,"minecraft:purple_bed":1,"minecraft:birch_leaves":1,"inka:inca_cloak":2,"iceandfire:ash":4,"minecraft:coal_ore":23,"luminous_nether:loot_vase_4":4,"minecraft:sunflower":2,"minecraft:gravel":21,"minecraft:terracotta":4},"minecraft:crafted":{"minecraft:oak_planks":45,"minecraft:glass":3,"minecraft:chest":2,"minecraft:golden_boots":1,"luckys_armory:heavy_golden_armor_boots":1,"minecraft:glass_bottle":3,"sophisticatedbackpacks:backpack":1,"iceandfire:armor_silver_leggings":1,"minecraft:crafting_table":1,"tameablebeasts:scarecrow_straw_hat":1,"minecraft:wooden_pickaxe":1,"minecraft:golden_pickaxe":1,"iceandfire:armor_white_boots":1,"minecraft:fletching_table":1,"moonsweaponry:golden_scythe":1,"minecraft:golden_leggings":1,"minecraft:diamond_pickaxe":1,"minecraft:shield":2,"minecraft:stick":32,"minecraft:iron_ingot":7,"minecraft:iron_pickaxe":1,"minecraft:gold_ingot":263,"minecraft:shears":1,"luckys_armory:heavy_golden_armor_chestplate":1,"inka:iron_mallet_inka":1,"minecraft:golden_chestplate":1,"minecraft:furnace":3,"minecraft:flint_and_steel":1,"tameablebeasts:scarecrow_block":1,"minecraft:leather":2,"iceandfire:armor_silver_chestplate":1,"minecraft:iron_axe":1,"minecraft:stone_pickaxe":3,"minecraft:golden_helmet":2,"minecraft:wheat":38,"luckys_armory:heavy_golden_armor_open_helmet":2,"minecraft:bucket":2,"minecraft:stone_axe":1,"minecraft:bread":88,"minecraft:air":302,"moonsweaponry:golden_hammer":1,"luckys_armory:heavy_golden_armor_leggings":1,"minecraft:wooden_axe":1,"minecraft:acacia_planks":13,"minecraft:torch":8,"iceandfire:armor_silver_helmet":1},"minecraft:used":{"alexsmobs:emu_egg":4,"minecraft:moss_block":1,"inka:mudbrickbig":1,"minecraft:chest":1,"minecraft:shield":75,"minecraft:rotten_flesh":2,"minecraft:acacia_sapling":1,"minecraft:obsidian":10,"minecraft:furnace":5,"minecraft:oak_sapling":2,"minecraft:stone_pickaxe":341,"minecraft:wooden_pickaxe":14,"minecraft:composter":1,"moonsweaponry:golden_hammer":131,"tameablebeasts:scarecrow_block":1,"minecraft:crossbow":3,"minecraft:shears":2,"minecraft:bread":35,"tombstone:grave_key":4,"minecraft:gravel":16,"inka:iron_mallet_inka":79,"minecraft:golden_pickaxe":2,"minecraft:experience_bottle":1,"minecraft:flint_and_steel":1,"minecraft:torch":4,"biomeswevegone:firecracker_flower_bush":3,"minecraft:dirt":9,"inka:coca":11,"minecraft:wooden_axe":7,"minecraft:iron_axe":131,"tombstone:gift":3,"minecraft:pumpkin":1,"minecraft:brown_bed":3,"minecraft:water_bucket":3,"minecraft:fletching_table":3,"minecraft:terracotta":4,"minecraft:crafting_table":20,"moonsweaponry:golden_scythe":137,"tombstone:bag_of_seeds":1,"biomeswevegone:firecracker_leaves":1,"minecraft:diamond_pickaxe":36,"minecraft:iron_pickaxe":162,"minecraft:stone_axe":59,"minecraft:cobblestone":84,"minecraft:purple_bed":1,"minecraft:bucket":4,"inka:inca_cloak":1,"alexsmobs:animal_dictionary":1},"minecraft:picked_up":{"minecraft:wheat":11,"minecraft:brown_bed":3,"biomeswevegone:skyris_vine":1,"alexsmobs:gazelle_horn":1,"minecraft:string":6,"biomeswevegone:firecracker_flower_bush":3,"minecraft:experience_bottle":4,"irons_spellbooks:arcane_essence":1,"minecraft:gold_nugget":8,"luckys_armory:heavy_golden_armor_chestplate":2,"inka:headclavablock":1,"minecraft:furnace":4,"minecraft:stick":47,"minecraft:composter":2,"minecraft:oak_fence":1,"minecraft:acacia_log":5,"iceandfire:dragonscales_white":7,"tombstone:grave_dust":9,"minecraft:rotten_flesh":25,"biomeswevegone:firecracker_leaves":1,"inka:zamponia":1,"iceandfire:fire_dragon_heart":2,"minecraft:carved_pumpkin":3,"alexsmobs:emu_egg":4,"minecraft:obsidian":15,"minecraft:cobblestone":369,"alexsmobs:bison_fur":1,"minecraft:flint":3,"undead_revamp2:huntereye":2,"minecraft:dirt":41,"iceandfire:dragonscales_bronze":19,"minecraft:name_tag":1,"minecraft:bone":9,"minecraft:bow":1,"minecraft:wheat_seeds":10,"minecraft:fletching_table":4,"minecraft:moss_block":1,"minecraft:oak_planks":42,"inka:tumi":1,"iceandfire:dragon_skull_fire":1,"minecraft:sand":3,"iceandfire:frozen_dirt":4,"undead_revamp2:heavytooth":1,"alexsmobs:kangaroo_hide":4,"luminous_nether:ghostly_essence":11,"minecraft:diamond":7,"iceandfire:dragon_ice":4,"minecraft:crossbow":2,"minecraft:oak_sapling":2,"iceandfire:silver_nugget":26,"undead_revamp2:bostroxingot":3,"minecraft:crafting_table":21,"iceandfire:witherbone":1,"inka:mudbrickbig":1,"inka:inca_cloak":1,"minecraft:gold_block":52,"minecraft:brick":6,"iceandfire:frozen_grass":3,"iceandfire:frozen_stone":1,"luminous_nether:torn_rag":1,"minecraft:beef":9,"minecraft:poppy":1,"luckys_armory:heavy_golden_armor_leggings":2,"tameablebeasts:purple_allay":1,"iceandfire:ice_dragon_heart":3,"minecraft:raw_iron":13,"iceandfire:dragonbone":30,"minecraft:raw_gold_block":8,"minecraft:friend_pottery_sherd":6,"iceandfire:dragon_skull_ice":3,"ars_nouveau:green_archwood_log":7,"biomeswevegone:pink_anemone":1,"minecraft:arrow":6,"biomeswevegone:bistort":3,"minecraft:decorated_pot":1,"iceandfire:dragonscales_silver":20,"iceandfire:chared_dirt":2,"minecraft:hay_block":30,"crittersandcompanions:silk":4,"tombstone:essence_of_undeath":1,"minecraft:gold_ingot":36,"minecraft:mutton":3,"alexsmobs:kangaroo_meat":4,"minecraft:white_wool":1,"minecraft:leather":9,"minecraft:oak_log":18,"luminous_nether:ghost_lamp":2,"iceandfire:dragonscales_blue":2,"biomeswevegone:clover_patch":4,"minecraft:iron_ingot":56,"tombstone:bag_of_seeds":3,"inka:capac_armor_helmet":3,"iceandfire:fire_dragon_flesh":1,"minecraft:acacia_sapling":12,"minecraft:pumpkin":6,"iceandfire:ash":8,"luminous_nether:ghost_block":1,"minecraft:gravel":16,"minecraft:spider_eye":1,"undead_revamp2:rawbostrox":2,"minecraft:pumpkin_seeds":8,"minecraft:purple_bed":1,"iceandfire:ice_dragon_flesh":10,"minecraft:terracotta":3,"minecraft:coal":31,"biomeswevegone:yellow_birch_sapling":1,"minecraft:sunflower":1},"minecraft:dropped":{"inka:tumi":1,"biomeswevegone:angelica":1,"minecraft:golden_pickaxe":1,"alexsmobs:kangaroo_meat":4,"minecraft:decorated_pot":1,"inka:tocosh":3,"minecraft:crossbow":2,"iceandfire:chared_dirt":2,"iceandfire:frozen_dirt":4,"iceandfire:ice_dragon_flesh":2,"iceandfire:fire_dragon_flesh":1,"minecraft:leather":1,"minecraft:fletching_table":1,"alexsmobs:bison_fur":1,"minecraft:raw_gold_block":8,"minecraft:dirt":33,"tombstone:bag_of_seeds":2,"inka:golden_mallet_inka":1,"minecraft:mutton":3,"minecraft:gold_nugget":8,"minecraft:sunflower":1,"iceandfire:ash":8,"alexsmobs:gazelle_horn":1,"minecraft:wheat":14,"minecraft:rotten_flesh":23,"iceandfire:frozen_stone":1,"iceandfire:frozen_grass":3,"minecraft:poppy":1,"minecraft:acacia_sapling":11,"luckys_armory:heavy_golden_armor_chestplate":3,"minecraft:beef":9,"luckys_armory:heavy_golden_armor_open_helmet":1,"minecraft:wheat_seeds":8,"inka:headclavablock":1,"biomeswevegone:skyris_vine":1,"biomeswevegone:blue_sage":1,"iceandfire:ice_dragon_heart":3,"minecraft:pumpkin":1,"luckys_armory:heavy_golden_armor_leggings":3,"iceandfire:dragon_skull_fire":1,"iceandfire:silver_nugget":26,"inka:zamponia":1,"minecraft:composter":1,"iceandfire:dragon_skull_ice":3,"minecraft:pumpkin_seeds":8,"crittersandcompanions:silk":4,"biomeswevegone:pink_anemone":1,"biomeswevegone:yellow_birch_sapling":1,"iceandfire:dragon_ice":4,"minecraft:filled_map":2,"minecraft:shield":1,"undead_revamp2:heavytooth":1,"biomeswevegone:clover_patch":5,"inka:capac_armor_helmet":3,"biomeswevegone:bistort":4,"ars_nouveau:green_archwood_log":7,"minecraft:spider_eye":1,"minecraft:bow":1,"iceandfire:fire_dragon_heart":2,"minecraft:friend_pottery_sherd":4}},"DataVersion":3465}