{"stats":{"minecraft:killed_by":{"minecraft:player":1,"undead_revamp2:thehunter":1,"undead_revamp2:slaveman":1},"minecraft:dropped":{"minecraft:wheat_seeds":1,"minecraft:golden_pickaxe":1,"alexsmobs:kangaroo_meat":3,"inka:tocosh":3,"minecraft:crossbow":1,"minecraft:fletching_table":1,"alexsmobs:bison_fur":1,"minecraft:raw_gold_block":8,"inka:golden_mallet_inka":1,"minecraft:mutton":1,"minecraft:gold_nugget":8,"alexsmobs:gazelle_horn":1,"minecraft:wheat":5,"minecraft:rotten_flesh":8,"minecraft:filled_map":1,"undead_revamp2:heavytooth":1,"biomeswevegone:clover_patch":1,"minecraft:acacia_sapling":11,"minecraft:spider_eye":1,"minecraft:beef":8,"minecraft:friend_pottery_sherd":4},"minecraft:custom":{"minecraft:mob_kills":55,"minecraft:interact_with_crafting_table":23,"minecraft:open_barrel":3,"minecraft:damage_dealt_resisted":236,"minecraft:leave_game":2,"minecraft:time_since_death":29605,"minecraft:sprint_one_cm":184350,"minecraft:walk_one_cm":229964,"minecraft:damage_blocked_by_shield":525,"minecraft:drop":29,"minecraft:damage_dealt_absorbed":80,"minecraft:play_time":95037,"minecraft:deaths":5,"minecraft:sneak_time":1944,"minecraft:jump":1795,"minecraft:total_world_time":95037,"minecraft:interact_with_furnace":7,"tombstone:raider_killed":8,"minecraft:interact_with_cartography_table":1,"minecraft:sleep_in_bed":1,"minecraft:time_since_rest":15965,"minecraft:damage_taken":2541,"minecraft:damage_dealt":12103,"minecraft:fly_one_cm":517194,"minecraft:open_chest":17,"minecraft:crouch_one_cm":1964,"tombstone:undead_killed":22,"minecraft:fall_one_cm":50635},"minecraft:killed":{"undead_revamp2:thewolf":1,"undead_revamp2:thehunter":4,"medievalry:ghoul":1,"minecraft:vindicator":1,"minecraft:spider":2,"undead_revamp2:axestrom":2,"undead_revamp2:theswarmer":1,"alexsmobs:bison":2,"undead_revamp2:sucker":4,"alexsmobs:kangaroo":3,"undead_revamp2:the_moonflower":3,"undead_revamp2:theheavy":1,"tameablebeasts:tameable_chikote":1,"minecraft:sheep":1,"minecraft:pillager":7,"undead_revamp2:thesomnolence":4,"minecraft:zombie":6,"alexsmobs:gazelle":4,"creeperoverhaul:savannah_creeper":1,"medievalry:undead_knight":1,"minecraft:cow":4},"minecraft:used":{"minecraft:moss_block":1,"inka:mudbrickbig":1,"minecraft:shield":24,"minecraft:rotten_flesh":2,"minecraft:torch":4,"biomeswevegone:firecracker_flower_bush":3,"minecraft:dirt":9,"minecraft:acacia_sapling":1,"minecraft:wooden_axe":7,"minecraft:iron_axe":17,"minecraft:furnace":3,"minecraft:oak_sapling":1,"tombstone:gift":2,"minecraft:stone_pickaxe":341,"minecraft:wooden_pickaxe":14,"minecraft:terracotta":4,"minecraft:crafting_table":11,"moonsweaponry:golden_scythe":108,"tombstone:bag_of_seeds":1,"biomeswevegone:firecracker_leaves":1,"minecraft:bread":11,"minecraft:iron_pickaxe":43,"minecraft:stone_axe":59,"minecraft:cobblestone":35,"inka:inca_cloak":1,"alexsmobs:animal_dictionary":1,"minecraft:golden_pickaxe":2,"minecraft:experience_bottle":1,"alexsmobs:emu_egg":4},"minecraft:mined":{"biomeswevegone:firecracker_leaves":5,"minecraft:acacia_log":5,"minecraft:grass_block":8,"minecraft:decorated_pot":3,"minecraft:moss_block":1,"minecraft:hay_block":16,"minecraft:furnace":2,"minecraft:raw_gold_block":8,"minecraft:iron_ore":7,"minecraft:fire":1,"minecraft:fletching_table":1,"minecraft:gold_block":29,"minecraft:deepslate_iron_ore":6,"minecraft:stone":289,"minecraft:acacia_leaves":230,"minecraft:oak_fence":1,"minecraft:crafting_table":10,"biomeswevegone:clover_patch":1,"minecraft:tall_grass":8,"minecraft:cobblestone":2,"minecraft:deepslate_coal_ore":1,"biomeswevegone:firecracker_flower_bush":3,"minecraft:purple_bed":1,"inka:inca_cloak":2,"minecraft:grass":7,"minecraft:oak_log":12,"minecraft:coal_ore":23,"inka:mudbrickbig":1,"minecraft:dirt":15,"minecraft:terracotta":4,"minecraft:oak_leaves":4},"minecraft:crafted":{"luckys_armory:heavy_golden_armor_chestplate":1,"minecraft:oak_planks":27,"minecraft:golden_chestplate":1,"minecraft:furnace":3,"minecraft:leather":2,"minecraft:iron_axe":1,"minecraft:stone_pickaxe":3,"minecraft:chest":1,"minecraft:golden_helmet":1,"minecraft:golden_boots":1,"minecraft:wheat":24,"luckys_armory:heavy_golden_armor_boots":1,"luckys_armory:heavy_golden_armor_open_helmet":1,"sophisticatedbackpacks:backpack":1,"minecraft:crafting_table":1,"tameablebeasts:scarecrow_straw_hat":1,"minecraft:wooden_pickaxe":1,"minecraft:golden_pickaxe":1,"minecraft:stone_axe":1,"minecraft:bread":45,"minecraft:air":168,"moonsweaponry:golden_scythe":1,"minecraft:golden_leggings":1,"minecraft:shield":1,"luckys_armory:heavy_golden_armor_leggings":1,"minecraft:stick":32,"minecraft:iron_ingot":7,"minecraft:iron_pickaxe":1,"minecraft:wooden_axe":1,"minecraft:gold_ingot":263,"minecraft:acacia_planks":13,"minecraft:torch":8},"minecraft:broken":{"minecraft:stone_pickaxe":2},"minecraft:picked_up":{"minecraft:crafting_table":10,"inka:mudbrickbig":1,"inka:inca_cloak":1,"minecraft:gold_block":29,"minecraft:brick":6,"alexsmobs:gazelle_horn":1,"minecraft:string":6,"biomeswevegone:firecracker_flower_bush":3,"irons_spellbooks:arcane_essence":1,"minecraft:gold_nugget":8,"minecraft:beef":8,"tameablebeasts:purple_allay":1,"minecraft:furnace":2,"minecraft:stick":25,"minecraft:raw_iron":13,"minecraft:raw_gold_block":8,"minecraft:oak_fence":1,"minecraft:acacia_log":5,"tombstone:grave_dust":1,"minecraft:friend_pottery_sherd":6,"minecraft:rotten_flesh":10,"biomeswevegone:firecracker_leaves":1,"inka:zamponia":1,"minecraft:hay_block":16,"alexsmobs:emu_egg":4,"minecraft:gold_ingot":3,"minecraft:mutton":3,"minecraft:white_wool":1,"alexsmobs:kangaroo_meat":4,"minecraft:cobblestone":341,"minecraft:leather":5,"alexsmobs:bison_fur":1,"minecraft:oak_log":12,"minecraft:dirt":23,"biomeswevegone:clover_patch":1,"minecraft:bone":2,"minecraft:wheat_seeds":2,"minecraft:iron_ingot":1,"tombstone:bag_of_seeds":1,"minecraft:fletching_table":1,"minecraft:moss_block":1,"minecraft:oak_planks":30,"minecraft:acacia_sapling":12,"minecraft:spider_eye":1,"undead_revamp2:heavytooth":1,"alexsmobs:kangaroo_hide":4,"undead_revamp2:rawbostrox":2,"minecraft:purple_bed":1,"minecraft:crossbow":2,"minecraft:terracotta":3,"minecraft:oak_sapling":1,"minecraft:coal":26}},"DataVersion":3465}