{"stats":{"minecraft:dropped":{"minecraft:golden_pickaxe":1,"minecraft:crossbow":1,"minecraft:rotten_flesh":3,"minecraft:fletching_table":1,"alexsmobs:bison_fur":1,"minecraft:raw_gold_block":8,"minecraft:filled_map":1,"inka:golden_mallet_inka":1,"undead_revamp2:heavytooth":1,"biomeswevegone:clover_patch":1,"minecraft:spider_eye":1,"minecraft:gold_nugget":8,"minecraft:friend_pottery_sherd":4},"minecraft:killed_by":{"undead_revamp2:thehunter":1,"minecraft:player":1,"undead_revamp2:slaveman":1},"minecraft:custom":{"minecraft:interact_with_furnace":7,"minecraft:mob_kills":38,"tombstone:raider_killed":6,"minecraft:interact_with_crafting_table":22,"minecraft:interact_with_cartography_table":1,"minecraft:open_barrel":3,"minecraft:damage_dealt_resisted":236,"minecraft:leave_game":2,"minecraft:time_since_death":17605,"minecraft:sleep_in_bed":1,"minecraft:time_since_rest":3965,"minecraft:sprint_one_cm":146689,"minecraft:damage_taken":2479,"minecraft:walk_one_cm":193976,"minecraft:damage_blocked_by_shield":490,"minecraft:drop":18,"minecraft:damage_dealt":9302,"minecraft:damage_dealt_absorbed":80,"minecraft:fly_one_cm":445596,"minecraft:open_chest":16,"minecraft:play_time":83037,"minecraft:crouch_one_cm":1964,"tombstone:undead_killed":19,"minecraft:deaths":5,"minecraft:sneak_time":1944,"minecraft:jump":1495,"minecraft:total_world_time":83037,"minecraft:fall_one_cm":42455},"minecraft:killed":{"undead_revamp2:thewolf":1,"undead_revamp2:thehunter":3,"undead_revamp2:the_moonflower":3,"minecraft:spider":2,"undead_revamp2:theheavy":1,"undead_revamp2:axestrom":2,"tameablebeasts:tameable_chikote":1,"undead_revamp2:theswarmer":1,"minecraft:pillager":6,"undead_revamp2:thesomnolence":4,"minecraft:zombie":6,"alexsmobs:bison":2,"creeperoverhaul:savannah_creeper":1,"undead_revamp2:sucker":4},"minecraft:used":{"minecraft:moss_block":1,"minecraft:stone_pickaxe":341,"inka:mudbrickbig":1,"minecraft:wooden_pickaxe":14,"minecraft:shield":23,"minecraft:rotten_flesh":2,"biomeswevegone:firecracker_flower_bush":3,"minecraft:torch":4,"minecraft:dirt":9,"minecraft:terracotta":4,"minecraft:crafting_table":10,"moonsweaponry:golden_scythe":76,"tombstone:bag_of_seeds":1,"biomeswevegone:firecracker_leaves":1,"minecraft:wooden_axe":7,"minecraft:iron_axe":16,"minecraft:bread":6,"minecraft:iron_pickaxe":43,"minecraft:stone_axe":59,"minecraft:cobblestone":35,"minecraft:furnace":3,"tombstone:gift":2,"inka:inca_cloak":1,"alexsmobs:animal_dictionary":1,"minecraft:golden_pickaxe":2,"minecraft:experience_bottle":1},"minecraft:mined":{"minecraft:acacia_leaves":44,"biomeswevegone:firecracker_leaves":5,"minecraft:oak_fence":1,"minecraft:crafting_table":10,"minecraft:acacia_log":5,"minecraft:grass_block":8,"minecraft:decorated_pot":3,"biomeswevegone:clover_patch":1,"minecraft:tall_grass":8,"minecraft:cobblestone":2,"minecraft:deepslate_coal_ore":1,"minecraft:moss_block":1,"biomeswevegone:firecracker_flower_bush":3,"minecraft:hay_block":15,"minecraft:purple_bed":1,"minecraft:furnace":2,"minecraft:raw_gold_block":8,"minecraft:iron_ore":7,"minecraft:fire":1,"inka:inca_cloak":2,"minecraft:fletching_table":1,"minecraft:gold_block":29,"minecraft:grass":7,"minecraft:coal_ore":23,"minecraft:oak_log":12,"minecraft:deepslate_iron_ore":6,"inka:mudbrickbig":1,"minecraft:dirt":15,"minecraft:terracotta":4,"minecraft:stone":289,"minecraft:oak_leaves":2},"minecraft:crafted":{"luckys_armory:heavy_golden_armor_chestplate":1,"luckys_armory:heavy_golden_armor_boots":1,"luckys_armory:heavy_golden_armor_open_helmet":1,"minecraft:oak_planks":27,"minecraft:golden_chestplate":1,"minecraft:crafting_table":1,"minecraft:wooden_pickaxe":1,"minecraft:furnace":3,"minecraft:golden_pickaxe":1,"minecraft:stone_axe":1,"minecraft:bread":45,"minecraft:air":168,"moonsweaponry:golden_scythe":1,"minecraft:golden_leggings":1,"minecraft:shield":1,"minecraft:iron_axe":1,"luckys_armory:heavy_golden_armor_leggings":1,"minecraft:stick":32,"minecraft:iron_ingot":7,"minecraft:iron_pickaxe":1,"minecraft:stone_pickaxe":3,"minecraft:wooden_axe":1,"minecraft:gold_ingot":263,"minecraft:acacia_planks":13,"minecraft:torch":8,"minecraft:golden_helmet":1,"minecraft:golden_boots":1,"minecraft:wheat":15},"minecraft:broken":{"minecraft:stone_pickaxe":2},"minecraft:picked_up":{"minecraft:crafting_table":10,"inka:mudbrickbig":1,"inka:inca_cloak":1,"alexsmobs:bison_fur":1,"minecraft:gold_block":29,"minecraft:oak_log":12,"minecraft:brick":6,"minecraft:dirt":23,"minecraft:string":6,"biomeswevegone:clover_patch":1,"biomeswevegone:firecracker_flower_bush":3,"minecraft:bone":2,"irons_spellbooks:arcane_essence":1,"minecraft:wheat_seeds":2,"minecraft:gold_nugget":8,"minecraft:iron_ingot":1,"tombstone:bag_of_seeds":1,"minecraft:fletching_table":1,"minecraft:moss_block":1,"minecraft:acacia_sapling":2,"minecraft:oak_planks":30,"minecraft:furnace":2,"minecraft:stick":21,"minecraft:raw_iron":13,"minecraft:raw_gold_block":8,"minecraft:oak_fence":1,"minecraft:acacia_log":5,"tombstone:grave_dust":1,"minecraft:friend_pottery_sherd":6,"minecraft:spider_eye":1,"undead_revamp2:heavytooth":1,"undead_revamp2:rawbostrox":2,"minecraft:purple_bed":1,"minecraft:rotten_flesh":10,"biomeswevegone:firecracker_leaves":1,"inka:zamponia":1,"minecraft:hay_block":15,"minecraft:crossbow":2,"minecraft:gold_ingot":3,"minecraft:terracotta":3,"minecraft:coal":26,"minecraft:cobblestone":341}},"DataVersion":3465}