{"stats":{"minecraft:custom":{"minecraft:mob_kills":92,"minecraft:interact_with_crafting_table":46,"minecraft:open_barrel":3,"minecraft:damage_dealt_resisted":236,"minecraft:leave_game":5,"minecraft:time_since_death":69707,"minecraft:climb_one_cm":1041,"minecraft:sprint_one_cm":369954,"minecraft:damage_blocked_by_shield":920,"minecraft:walk_one_cm":426864,"minecraft:drop":134,"minecraft:damage_dealt_absorbed":80,"minecraft:talked_to_villager":3,"minecraft:play_time":178623,"minecraft:sneak_time":2092,"minecraft:deaths":8,"minecraft:walk_under_water_one_cm":3555,"minecraft:jump":4260,"minecraft:walk_on_water_one_cm":13274,"minecraft:total_world_time":178623,"minecraft:interact_with_furnace":12,"tombstone:raider_killed":8,"minecraft:interact_with_cartography_table":1,"minecraft:sleep_in_bed":2,"minecraft:time_since_rest":22214,"minecraft:damage_absorbed":629,"minecraft:damage_taken":6557,"minecraft:damage_dealt":29484,"minecraft:crouch_one_cm":2304,"tombstone:undead_killed":46,"minecraft:fly_one_cm":931253,"minecraft:open_chest":41,"minecraft:fall_one_cm":99297},"minecraft:killed":{"undead_revamp2:thewolf":1,"tameablebeasts:scarecrow_allay":1,"undead_revamp2:thehunter":15,"medievalry:ghoul":1,"minecraft:vindicator":1,"minecraft:spider":2,"undead_revamp2:axestrom":2,"inka:capac":1,"undead_revamp2:theswarmer":2,"minecraft:skeleton":5,"iceandfire:fire_dragon":1,"minecraft:bee":1,"realmrpg_demons:chort":2,"alexsmobs:bison":2,"irons_spellbooks:summoned_skeleton":1,"undead_revamp2:sucker":5,"alexsmobs:kangaroo":3,"undead_revamp2:thespitter":1,"undead_revamp2:the_moonflower":5,"undead_revamp2:theheavy":1,"tameablebeasts:tameable_chikote":1,"minecraft:sheep":1,"minecraft:pillager":7,"undead_revamp2:slaveman":2,"undead_revamp2:thesomnolence":4,"minecraft:zombie":6,"alexsmobs:gazelle":4,"iceandfire:ice_dragon":2,"inka:headclava":1,"creeperoverhaul:savannah_creeper":1,"medievalry:undead_knight":1,"minecraft:cow":5},"minecraft:killed_by":{"minecraft:player":1,"undead_revamp2:thehunter":1,"iceandfire:ice_dragon":3,"undead_revamp2:slaveman":1},"minecraft:broken":{"luckys_armory:heavy_golden_armor_boots":1,"moonsweaponry:golden_scythe":1,"minecraft:stone_pickaxe":2,"moonsweaponry:golden_hammer":1},"minecraft:mined":{"biomeswevegone:firecracker_leaves":5,"minecraft:obsidian":12,"minecraft:carved_pumpkin":2,"minecraft:acacia_log":5,"iceandfire:frozen_stone":1,"minecraft:grass_block":15,"minecraft:decorated_pot":7,"iceandfire:frozen_grass":10,"iceandfire:chared_dirt":2,"minecraft:moss_block":1,"minecraft:composter":2,"minecraft:large_fern":1,"minecraft:hay_block":30,"minecraft:furnace":4,"minecraft:raw_gold_block":8,"minecraft:iron_ore":7,"minecraft:fire":8,"minecraft:pumpkin":5,"minecraft:fletching_table":4,"minecraft:brown_bed":3,"minecraft:gold_block":52,"minecraft:deepslate_iron_ore":6,"crittersandcompanions:silk_cocoon":1,"minecraft:stone":315,"minecraft:acacia_leaves":230,"ars_nouveau:green_archwood_log":5,"minecraft:oak_fence":1,"iceandfire:dragon_ice_spikes":27,"minecraft:crafting_table":20,"iceandfire:frozen_dirt":7,"biomeswevegone:clover_patch":1,"minecraft:tall_grass":10,"minecraft:cobblestone":3,"minecraft:deepslate_coal_ore":1,"biomeswevegone:firecracker_flower_bush":3,"minecraft:purple_bed":1,"minecraft:birch_leaves":1,"inka:inca_cloak":2,"iceandfire:ash":4,"minecraft:grass":18,"minecraft:coal_ore":23,"minecraft:oak_log":14,"inka:mudbrickbig":1,"minecraft:sand":3,"minecraft:sunflower":2,"minecraft:gravel":2,"minecraft:dirt":29,"minecraft:terracotta":4,"minecraft:oak_leaves":5},"minecraft:crafted":{"luckys_armory:heavy_golden_armor_chestplate":1,"inka:iron_mallet_inka":1,"minecraft:oak_planks":35,"minecraft:golden_chestplate":1,"minecraft:furnace":3,"tameablebeasts:scarecrow_block":1,"minecraft:glass":3,"minecraft:leather":2,"iceandfire:armor_silver_chestplate":1,"minecraft:iron_axe":1,"minecraft:stone_pickaxe":3,"minecraft:chest":1,"minecraft:golden_helmet":1,"minecraft:golden_boots":1,"minecraft:wheat":38,"minecraft:glass_bottle":3,"luckys_armory:heavy_golden_armor_boots":1,"luckys_armory:heavy_golden_armor_open_helmet":1,"sophisticatedbackpacks:backpack":1,"iceandfire:armor_silver_leggings":1,"minecraft:crafting_table":1,"minecraft:wooden_pickaxe":1,"tameablebeasts:scarecrow_straw_hat":1,"minecraft:golden_pickaxe":1,"iceandfire:armor_white_boots":1,"minecraft:fletching_table":1,"minecraft:bucket":2,"minecraft:stone_axe":1,"minecraft:bread":88,"minecraft:air":294,"moonsweaponry:golden_scythe":1,"moonsweaponry:golden_hammer":1,"minecraft:diamond_pickaxe":1,"minecraft:golden_leggings":1,"minecraft:shield":2,"luckys_armory:heavy_golden_armor_leggings":1,"minecraft:stick":32,"minecraft:iron_ingot":7,"minecraft:iron_pickaxe":1,"minecraft:wooden_axe":1,"minecraft:gold_ingot":263,"minecraft:acacia_planks":13,"minecraft:torch":8,"minecraft:shears":1,"iceandfire:armor_silver_helmet":1},"minecraft:used":{"minecraft:moss_block":1,"inka:mudbrickbig":1,"minecraft:shield":65,"biomeswevegone:firecracker_flower_bush":3,"minecraft:rotten_flesh":2,"minecraft:torch":4,"minecraft:dirt":9,"inka:coca":11,"minecraft:acacia_sapling":1,"minecraft:wooden_axe":7,"minecraft:iron_axe":121,"minecraft:oak_sapling":1,"minecraft:furnace":5,"tombstone:gift":3,"minecraft:pumpkin":1,"minecraft:brown_bed":2,"minecraft:water_bucket":3,"minecraft:stone_pickaxe":341,"minecraft:wooden_pickaxe":14,"moonsweaponry:golden_hammer":131,"tameablebeasts:scarecrow_block":1,"minecraft:composter":1,"minecraft:fletching_table":3,"minecraft:terracotta":4,"minecraft:crafting_table":19,"minecraft:crossbow":3,"minecraft:shears":2,"moonsweaponry:golden_scythe":137,"biomeswevegone:firecracker_leaves":1,"tombstone:bag_of_seeds":1,"minecraft:diamond_pickaxe":15,"minecraft:bread":30,"minecraft:iron_pickaxe":162,"minecraft:stone_axe":59,"tombstone:grave_key":4,"minecraft:purple_bed":1,"inka:iron_mallet_inka":30,"minecraft:cobblestone":70,"minecraft:bucket":3,"inka:inca_cloak":1,"alexsmobs:animal_dictionary":1,"minecraft:golden_pickaxe":2,"minecraft:experience_bottle":1,"alexsmobs:emu_egg":4},"minecraft:picked_up":{"undead_revamp2:bostroxingot":3,"minecraft:crafting_table":20,"minecraft:wheat":11,"inka:mudbrickbig":1,"inka:inca_cloak":1,"minecraft:brown_bed":3,"minecraft:gold_block":52,"minecraft:brick":6,"iceandfire:frozen_grass":3,"alexsmobs:gazelle_horn":1,"biomeswevegone:skyris_vine":1,"minecraft:string":6,"iceandfire:frozen_stone":1,"biomeswevegone:firecracker_flower_bush":3,"irons_spellbooks:arcane_essence":1,"minecraft:gold_nugget":8,"luckys_armory:heavy_golden_armor_chestplate":2,"minecraft:beef":9,"inka:headclavablock":1,"minecraft:poppy":1,"luckys_armory:heavy_golden_armor_leggings":2,"iceandfire:ice_dragon_heart":3,"minecraft:furnace":4,"tameablebeasts:purple_allay":1,"minecraft:raw_iron":13,"minecraft:stick":47,"iceandfire:dragonbone":30,"minecraft:raw_gold_block":8,"minecraft:composter":2,"minecraft:oak_fence":1,"minecraft:acacia_log":5,"iceandfire:dragonscales_white":7,"tombstone:grave_dust":3,"minecraft:friend_pottery_sherd":6,"iceandfire:dragon_skull_ice":3,"ars_nouveau:green_archwood_log":7,"minecraft:arrow":6,"minecraft:rotten_flesh":25,"biomeswevegone:bistort":3,"biomeswevegone:firecracker_leaves":1,"minecraft:decorated_pot":1,"inka:zamponia":1,"iceandfire:chared_dirt":2,"iceandfire:dragonscales_silver":20,"crittersandcompanions:silk":4,"minecraft:hay_block":30,"iceandfire:fire_dragon_heart":2,"minecraft:carved_pumpkin":3,"alexsmobs:emu_egg":4,"minecraft:gold_ingot":10,"minecraft:obsidian":12,"minecraft:mutton":3,"alexsmobs:kangaroo_meat":4,"minecraft:cobblestone":365,"minecraft:white_wool":1,"minecraft:leather":5,"alexsmobs:bison_fur":1,"minecraft:flint":2,"minecraft:oak_log":14,"undead_revamp2:huntereye":2,"iceandfire:dragonscales_blue":2,"minecraft:dirt":41,"iceandfire:dragonscales_bronze":19,"biomeswevegone:clover_patch":4,"minecraft:name_tag":1,"minecraft:bone":7,"minecraft:bow":1,"minecraft:wheat_seeds":9,"minecraft:iron_ingot":56,"tombstone:bag_of_seeds":3,"minecraft:fletching_table":4,"minecraft:oak_planks":42,"minecraft:moss_block":1,"inka:capac_armor_helmet":3,"iceandfire:fire_dragon_flesh":1,"minecraft:acacia_sapling":12,"inka:tumi":1,"minecraft:pumpkin":6,"iceandfire:ash":8,"iceandfire:dragon_skull_fire":1,"minecraft:sand":3,"minecraft:spider_eye":1,"iceandfire:frozen_dirt":4,"undead_revamp2:heavytooth":1,"undead_revamp2:rawbostrox":2,"alexsmobs:kangaroo_hide":4,"minecraft:pumpkin_seeds":8,"minecraft:purple_bed":1,"minecraft:diamond":7,"iceandfire:dragon_ice":4,"minecraft:crossbow":2,"iceandfire:ice_dragon_flesh":10,"minecraft:terracotta":3,"minecraft:oak_sapling":1,"iceandfire:silver_nugget":26,"minecraft:coal":28,"biomeswevegone:yellow_birch_sapling":1,"minecraft:sunflower":1},"minecraft:dropped":{"minecraft:wheat_seeds":8,"inka:tumi":1,"biomeswevegone:angelica":1,"minecraft:golden_pickaxe":1,"alexsmobs:kangaroo_meat":4,"minecraft:decorated_pot":1,"inka:tocosh":3,"minecraft:crossbow":2,"iceandfire:chared_dirt":2,"iceandfire:frozen_dirt":4,"iceandfire:ice_dragon_flesh":2,"inka:headclavablock":1,"iceandfire:fire_dragon_flesh":1,"minecraft:leather":1,"minecraft:fletching_table":1,"biomeswevegone:skyris_vine":1,"alexsmobs:bison_fur":1,"minecraft:raw_gold_block":8,"minecraft:dirt":33,"tombstone:bag_of_seeds":2,"inka:golden_mallet_inka":1,"minecraft:mutton":3,"biomeswevegone:blue_sage":1,"minecraft:gold_nugget":8,"iceandfire:ice_dragon_heart":3,"minecraft:pumpkin":1,"minecraft:sunflower":1,"luckys_armory:heavy_golden_armor_leggings":3,"iceandfire:ash":8,"iceandfire:dragon_skull_fire":1,"iceandfire:silver_nugget":26,"alexsmobs:gazelle_horn":1,"inka:zamponia":1,"minecraft:wheat":14,"minecraft:composter":1,"minecraft:rotten_flesh":20,"iceandfire:frozen_stone":1,"iceandfire:dragon_skull_ice":3,"iceandfire:frozen_grass":3,"minecraft:pumpkin_seeds":8,"crittersandcompanions:silk":4,"biomeswevegone:yellow_birch_sapling":1,"minecraft:filled_map":2,"iceandfire:dragon_ice":4,"minecraft:poppy":1,"minecraft:shield":1,"undead_revamp2:heavytooth":1,"biomeswevegone:clover_patch":5,"inka:capac_armor_helmet":3,"minecraft:acacia_sapling":11,"biomeswevegone:bistort":4,"ars_nouveau:green_archwood_log":7,"minecraft:spider_eye":1,"luckys_armory:heavy_golden_armor_chestplate":3,"iceandfire:fire_dragon_heart":2,"minecraft:bow":1,"minecraft:beef":9,"luckys_armory:heavy_golden_armor_open_helmet":1,"minecraft:friend_pottery_sherd":4}},"DataVersion":3465}