{"stats":{"minecraft:dropped":{"minecraft:chicken":2,"minecraft:rotten_flesh":4,"patchouli:guide_book":1,"immortalgingerbread:gingerbread_bazooka":2},"minecraft:killed_by":{"legendarycreatures:corpse_eater":1,"undead_revamp2:the_moonflower":1,"minecraft:zombie":1},"minecraft:killed":{"jinghui:hongshu":1,"alexsmobs:raccoon":1,"minecraft:vindicator":1,"undead_revamp2:the_moonflower":1,"undead_revamp2:thesmoker":1,"minecraft:skeleton":2,"undead_revamp2:thebidyupside":2,"minecraft:pillager":4,"minecraft:zombie":6,"minecraft:chicken":1},"minecraft:custom":{"minecraft:interact_with_furnace":11,"minecraft:mob_kills":21,"tombstone:raider_killed":5,"minecraft:interact_with_crafting_table":18,"minecraft:leave_game":16,"minecraft:time_since_death":34423,"minecraft:time_since_rest":34709,"minecraft:sprint_one_cm":169384,"minecraft:damage_taken":1240,"minecraft:walk_one_cm":198832,"minecraft:damage_blocked_by_shield":550,"minecraft:drop":9,"minecraft:damage_dealt":4482,"minecraft:fly_one_cm":825951,"minecraft:player_kills":2,"minecraft:open_chest":7,"minecraft:crouch_one_cm":6992,"minecraft:play_time":138013,"tombstone:undead_killed":10,"minecraft:deaths":4,"minecraft:sneak_time":3827,"minecraft:jump":1549,"minecraft:total_world_time":138013,"minecraft:fall_one_cm":14397},"minecraft:used":{"minecraft:calcite":8,"minecraft:trader_llama_spawn_egg":2,"minecraft:stone_pickaxe":132,"minecraft:wooden_pickaxe":61,"minecraft:shield":25,"minecraft:rotten_flesh":7,"minecraft:torch":20,"minecraft:dirt":3,"minecraft:terracotta":6,"inka:coca":2,"minecraft:crafting_table":4,"hookshot:hypershot":24,"immortalgingerbread:gingerbread_bazooka":18,"minecraft:iron_pickaxe":230,"minecraft:netherite_axe":20,"slotmachinemod:slot_machine":2,"minecraft:stone_axe":32,"minecraft:cobblestone":43,"minecraft:furnace":2},"minecraft:mined":{"minecraft:tuff":9,"minecraft:crafting_table":4,"minecraft:glow_lichen":1,"minecraft:torch":6,"minecraft:granite":3,"minecraft:acacia_log":4,"minecraft:emerald_ore":1,"minecraft:grass_block":1,"minecraft:calcite":10,"minecraft:cobblestone":2,"minecraft:deepslate_coal_ore":4,"minecraft:moss_block":1,"minecraft:wall_torch":2,"minecraft:furnace":2,"minecraft:iron_ore":172,"minecraft:grass":3,"minecraft:coal_ore":62,"minecraft:deepslate_iron_ore":25,"minecraft:dirt":2,"minecraft:terracotta":7,"minecraft:stone":112,"minecraft:deepslate_emerald_ore":1},"minecraft:crafted":{"minecraft:crafting_table":1,"jinghui:xj":2,"minecraft:wooden_pickaxe":1,"minecraft:furnace":1,"minecraft:stone_axe":1,"minecraft:shield":1,"minecraft:stick":12,"minecraft:iron_ingot":16,"minecraft:iron_pickaxe":1,"minecraft:stone_pickaxe":1,"minecraft:acacia_planks":20,"minecraft:torch":12},"minecraft:broken":{"minecraft:stone_pickaxe":1,"minecraft:wooden_pickaxe":1},"minecraft:picked_up":{"minecraft:crafting_table":4,"minecraft:wheat":2,"minecraft:feather":2,"minecraft:chicken":3,"minecraft:tuff":9,"minecraft:dirt":3,"minecraft:bone":3,"minecraft:iron_ingot":12,"minecraft:calcite":10,"alexsmobs:raccoon_tail":1,"minecraft:moss_block":1,"minecraft:birch_sapling":1,"minecraft:furnace":2,"minecraft:stick":8,"minecraft:raw_iron":197,"patchouli:guide_book":1,"minecraft:torch":8,"minecraft:acacia_log":5,"immortalgingerbread:gingerbread_bazooka":2,"minecraft:bundle":1,"minecraft:arrow":2,"minecraft:rotten_flesh":20,"minecraft:slime_ball":4,"minecraft:granite":14,"minecraft:emerald":2,"minecraft:terracotta":7,"minecraft:coal":134,"minecraft:cobblestone":140}},"DataVersion":3465}