{"stats":{"minecraft:dropped":{"minecraft:wheat_seeds":20,"inka:mossymudbrickbig":3,"minecraft:decorated_pot":2,"minecraft:cobblestone":3,"minecraft:granite":19,"minecraft:stick":2,"minecraft:dirt":19,"ars_nouveau:worn_notebook":1,"minecraft:rose_bush":1,"inka:mudbrickbig":3,"tombstone:grave_dust":3,"minecraft:gold_nugget":16,"minecraft:pumpkin":4,"inka:incaroof_stairs":4,"alexsmobs:raccoon_tail":2,"minecraft:dandelion":2,"iceandfire:dragonbone":45,"minecraft:bone":6,"minecraft:stone_axe":2,"alexsmobs:maggot":2,"minecraft:sweet_berries":3,"minecraft:tuff":18,"minecraft:wheat":2,"tombstone:gift":6,"minecraft:chicken":2,"minecraft:rotten_flesh":20,"patchouli:guide_book":2,"biomeswevegone:pink_anemone":6,"immortalgingerbread:gingerbread_bazooka":2,"minecraft:slime_ball":4,"minecraft:arrow":2,"minecraft:egg":1},"minecraft:killed_by":{"undead_revamp2:theskeeper":1,"legendarycreatures:corpse_eater":1,"undead_revamp2:the_moonflower":1,"undead_revamp2:thehunter":1,"minecraft:zombie":2,"iceandfire:fire_dragon":5},"minecraft:killed":{"undead_revamp2:thehunter":3,"alexsmobs:raccoon":1,"minecraft:spider":1,"minecraft:vindicator":1,"undead_revamp2:thesmoker":2,"minecraft:skeleton":3,"legendarycreatures:forest_mojo":1,"iceandfire:fire_dragon":1,"minecraft:chicken":1,"undead_revamp2:thehorrors":1,"minecraft:zombie_villager":1,"jinghui:hongshu":1,"undead_revamp2:the_moonflower":1,"minecraft:creeper":2,"minecraft:sheep":1,"undead_revamp2:thebidyupside":2,"minecraft:pillager":4,"minecraft:zombie":8},"minecraft:custom":{"minecraft:mob_kills":37,"minecraft:interact_with_crafting_table":51,"minecraft:leave_game":23,"minecraft:time_since_death":38230,"minecraft:climb_one_cm":426,"minecraft:sprint_one_cm":520579,"minecraft:walk_one_cm":370662,"minecraft:damage_blocked_by_shield":2015,"minecraft:drop":82,"minecraft:play_time":257110,"minecraft:deaths":14,"minecraft:sneak_time":4613,"minecraft:jump":3796,"minecraft:total_world_time":257110,"minecraft:interact_with_furnace":16,"tombstone:raider_killed":5,"minecraft:sleep_in_bed":3,"minecraft:time_since_rest":38263,"minecraft:damage_taken":6607,"minecraft:damage_absorbed":358,"minecraft:damage_dealt":11696,"minecraft:player_kills":2,"minecraft:fly_one_cm":1541057,"minecraft:open_chest":35,"minecraft:crouch_one_cm":8418,"tombstone:undead_killed":19,"minecraft:fall_one_cm":72389},"minecraft:used":{"minecraft:moss_block":1,"minecraft:trader_llama_spawn_egg":2,"inka:mudbrickbig":3,"minecraft:shield":110,"moonsweaponry:iron_hammer":129,"minecraft:rotten_flesh":11,"minecraft:torch":21,"minecraft:dirt":3,"inka:coca":19,"minecraft:iron_axe":13,"slotmachinemod:slot_machine":2,"minecraft:iron_boots":1,"minecraft:furnace":5,"tombstone:gift":4,"minecraft:acacia_planks":1,"minecraft:brown_bed":4,"iceandfire:armor_red_helmet":1,"minecraft:calcite":8,"minecraft:stone_pickaxe":132,"minecraft:wooden_pickaxe":61,"iceandfire:armor_red_chestplate":1,"minecraft:terracotta":6,"minecraft:crafting_table":12,"hookshot:hypershot":24,"minecraft:bread":2,"immortalgingerbread:gingerbread_bazooka":18,"minecraft:iron_pickaxe":378,"minecraft:netherite_axe":20,"minecraft:stone_axe":87,"minecraft:cobblestone":97},"minecraft:mined":{"minecraft:tuff":9,"minecraft:dark_oak_log":3,"biomeswevegone:lush_grass_block":1,"biomeswevegone:bistort":1,"minecraft:glow_lichen":1,"minecraft:granite":3,"minecraft:acacia_log":4,"minecraft:grass_block":1,"minecraft:moss_block":1,"minecraft:large_fern":1,"biomeswevegone:pink_anemone":2,"minecraft:furnace":3,"minecraft:iron_ore":181,"minecraft:fire":22,"iceandfire:chared_gravel":4,"minecraft:brown_bed":4,"inka:mudbrick_stairs":1,"iceandfire:gold_pile":121,"minecraft:deepslate_iron_ore":25,"minecraft:stone":115,"inka:mossymudbrickbig":1,"minecraft:crafting_table":10,"minecraft:torch":6,"minecraft:emerald_ore":1,"minecraft:calcite":10,"biomeswevegone:crocus":2,"minecraft:dead_bush":1,"minecraft:rose_bush":1,"biomeswevegone:clover_patch":2,"minecraft:tall_grass":10,"minecraft:cobblestone":12,"minecraft:deepslate_coal_ore":4,"minecraft:wall_torch":2,"biomeswevegone:blue_rose_bush":1,"minecraft:sweet_berry_bush":1,"minecraft:grass":32,"minecraft:coal_ore":62,"inka:mudbrickbig":3,"minecraft:dirt":2,"minecraft:terracotta":7,"minecraft:oak_leaves":3,"minecraft:deepslate_emerald_ore":1},"minecraft:crafted":{"jinghui:xj":2,"minecraft:furnace":2,"minecraft:iron_boots":1,"minecraft:iron_axe":1,"minecraft:stone_pickaxe":1,"iceandfire:armor_red_leggings":1,"minecraft:dark_oak_planks":12,"moonsweaponry:iron_hammer":1,"minecraft:crafting_table":2,"minecraft:wooden_pickaxe":1,"iceandfire:armor_red_chestplate":1,"minecraft:stone_axe":1,"iceandfire:armor_red_helmet":1,"minecraft:shield":2,"minecraft:stick":16,"minecraft:iron_ingot":56,"minecraft:iron_pickaxe":2,"minecraft:gold_ingot":124,"minecraft:acacia_planks":20,"minecraft:torch":12},"minecraft:broken":{"minecraft:wooden_pickaxe":1,"minecraft:stone_pickaxe":1,"minecraft:shield":1,"minecraft:iron_pickaxe":1},"minecraft:picked_up":{"minecraft:crafting_table":10,"minecraft:wheat":2,"minecraft:chicken":3,"inka:mudbrickbig":7,"minecraft:brown_bed":4,"minecraft:enchanted_book":1,"minecraft:string":2,"minecraft:gold_nugget":1075,"minecraft:rose_bush":1,"minecraft:calcite":10,"alexsmobs:raccoon_tail":2,"minecraft:birch_sapling":1,"iceandfire:dragonscales_red":23,"minecraft:furnace":3,"minecraft:egg":1,"iceandfire:dragonbone":44,"inka:mudbrick_stairs":1,"minecraft:stick":11,"minecraft:raw_iron":249,"iceandfire:dragonscales_green":3,"minecraft:torch":9,"minecraft:acacia_log":5,"minecraft:porkchop":1,"tombstone:grave_dust":6,"biomeswevegone:pink_anemone":4,"minecraft:arrow":3,"minecraft:rotten_flesh":34,"minecraft:decorated_pot":2,"iceandfire:fire_dragon_heart":2,"minecraft:white_wool":1,"inka:incaroof_stairs":4,"minecraft:mutton":3,"minecraft:cobblestone":156,"biomeswevegone:lush_dirt":1,"minecraft:feather":2,"minecraft:tuff":18,"minecraft:dirt":3,"tombstone:gift":5,"inka:coca":2,"minecraft:bone":5,"minecraft:wheat_seeds":18,"minecraft:iron_ingot":12,"minecraft:moss_block":1,"inka:mossymudbrickbig":3,"iceandfire:fire_dragon_flesh":8,"minecraft:pumpkin":4,"minecraft:sweet_berries":3,"patchouli:guide_book":1,"minecraft:dandelion":2,"iceandfire:dragon_skull_fire":2,"minecraft:dark_oak_log":3,"minecraft:spider_eye":1,"immortalgingerbread:gingerbread_bazooka":2,"minecraft:bundle":1,"minecraft:slime_ball":4,"minecraft:stone_axe":1,"waystones:waystone":1,"minecraft:granite":14,"minecraft:emerald":2,"minecraft:bread":2,"minecraft:terracotta":7,"alexsmobs:maggot":1,"minecraft:coal":186,"iceandfire:chared_gravel":7}},"DataVersion":3465}