{"stats":{"minecraft:killed_by":{"legendarycreatures:corpse_eater":1,"undead_revamp2:the_moonflower":1,"minecraft:zombie":1,"iceandfire:fire_dragon":2},"minecraft:dropped":{"minecraft:wheat_seeds":3,"minecraft:chicken":2,"minecraft:rotten_flesh":4,"patchouli:guide_book":1,"immortalgingerbread:gingerbread_bazooka":2},"minecraft:killed":{"jinghui:hongshu":1,"alexsmobs:raccoon":1,"minecraft:vindicator":1,"undead_revamp2:the_moonflower":1,"undead_revamp2:thesmoker":1,"minecraft:skeleton":2,"undead_revamp2:thebidyupside":2,"minecraft:pillager":4,"minecraft:zombie":7,"minecraft:chicken":1},"minecraft:custom":{"minecraft:interact_with_furnace":12,"minecraft:mob_kills":22,"tombstone:raider_killed":5,"minecraft:interact_with_crafting_table":21,"minecraft:leave_game":16,"minecraft:time_since_death":3994,"minecraft:time_since_rest":4026,"minecraft:sprint_one_cm":216721,"minecraft:damage_taken":1973,"minecraft:walk_one_cm":211163,"minecraft:damage_blocked_by_shield":720,"minecraft:drop":10,"minecraft:damage_dealt":4977,"minecraft:fly_one_cm":966885,"minecraft:player_kills":2,"minecraft:open_chest":9,"minecraft:crouch_one_cm":7741,"minecraft:play_time":150013,"tombstone:undead_killed":11,"minecraft:deaths":6,"minecraft:sneak_time":4235,"minecraft:jump":1938,"minecraft:total_world_time":150013,"minecraft:fall_one_cm":24455},"minecraft:used":{"minecraft:calcite":8,"minecraft:trader_llama_spawn_egg":2,"minecraft:stone_pickaxe":132,"minecraft:wooden_pickaxe":61,"minecraft:shield":38,"minecraft:rotten_flesh":11,"minecraft:torch":20,"minecraft:dirt":3,"minecraft:terracotta":6,"inka:coca":3,"minecraft:crafting_table":5,"hookshot:hypershot":24,"immortalgingerbread:gingerbread_bazooka":18,"minecraft:iron_pickaxe":242,"minecraft:netherite_axe":20,"slotmachinemod:slot_machine":2,"minecraft:stone_axe":56,"minecraft:cobblestone":62,"minecraft:furnace":3},"minecraft:mined":{"minecraft:tuff":9,"minecraft:crafting_table":4,"minecraft:glow_lichen":1,"minecraft:torch":6,"minecraft:granite":3,"minecraft:acacia_log":4,"minecraft:emerald_ore":1,"minecraft:grass_block":1,"minecraft:calcite":10,"minecraft:tall_grass":1,"minecraft:cobblestone":2,"minecraft:deepslate_coal_ore":4,"minecraft:moss_block":1,"minecraft:wall_torch":2,"minecraft:furnace":2,"minecraft:iron_ore":181,"minecraft:fire":17,"minecraft:grass":5,"minecraft:coal_ore":62,"minecraft:deepslate_iron_ore":25,"minecraft:dirt":2,"minecraft:terracotta":7,"minecraft:stone":115,"minecraft:deepslate_emerald_ore":1},"minecraft:crafted":{"minecraft:crafting_table":1,"jinghui:xj":2,"minecraft:wooden_pickaxe":1,"minecraft:furnace":2,"minecraft:stone_axe":1,"minecraft:shield":1,"minecraft:stick":12,"minecraft:iron_ingot":16,"minecraft:iron_pickaxe":1,"minecraft:stone_pickaxe":1,"minecraft:acacia_planks":20,"minecraft:torch":12},"minecraft:broken":{"minecraft:stone_pickaxe":1,"minecraft:wooden_pickaxe":1},"minecraft:picked_up":{"minecraft:crafting_table":4,"minecraft:wheat":2,"minecraft:feather":2,"minecraft:chicken":3,"inka:mudbrickbig":2,"minecraft:tuff":9,"minecraft:dirt":3,"minecraft:bone":3,"minecraft:wheat_seeds":6,"minecraft:iron_ingot":12,"minecraft:calcite":10,"alexsmobs:raccoon_tail":1,"minecraft:moss_block":1,"minecraft:birch_sapling":1,"minecraft:furnace":2,"minecraft:stick":8,"minecraft:raw_iron":206,"patchouli:guide_book":1,"minecraft:dandelion":1,"minecraft:torch":9,"minecraft:acacia_log":5,"tombstone:grave_dust":2,"immortalgingerbread:gingerbread_bazooka":2,"minecraft:bundle":1,"minecraft:arrow":2,"minecraft:rotten_flesh":20,"minecraft:slime_ball":4,"minecraft:decorated_pot":1,"minecraft:granite":14,"minecraft:emerald":2,"minecraft:terracotta":7,"inka:incaroof_stairs":2,"minecraft:coal":134,"minecraft:cobblestone":143}},"DataVersion":3465}